Region,Response,Response_level,ID,value,LwrEstimate,estimate,UprEstimate,disease_risk_change,drisk
guam_cnmi,Coral size,5.0,cnmi_1,0.0,0.0,0.0,0.0,0.0,0
guam_cnmi,Coral size,15.0,cnmi_1,0.0,0.0,0.0,0.0,0.0,0
guam_cnmi,Coral size,25.0,cnmi_1,0.0,0.0,0.0,0.01,0.0,0
guam_cnmi,Coral size,35.0,cnmi_1,0.0,0.0,0.0,0.01,0.0,0
guam_cnmi,Coral size,45.0,cnmi_1,0.0,0.0,0.0,0.01,0.0,0
guam_cnmi,Coral size,55.0,cnmi_1,0.0,0.0,0.0,0.01,0.0,0
guam_cnmi,Coral size,65.0,cnmi_1,0.0,0.01,0.02,0.03,2.0,0
guam_cnmi,Development,0.0,cnmi_1,0.0,0.01,0.02,0.03,2.0,0
guam_cnmi,Development,0.1,cnmi_1,0.0,0.01,0.02,0.03,2.0,0
guam_cnmi,Development,0.2,cnmi_1,0.0,0.01,0.02,0.03,2.0,0
guam_cnmi,Development,0.3,cnmi_1,0.0,0.01,0.02,0.03,2.0,0
guam_cnmi,Development,0.4,cnmi_1,0.0,0.01,0.02,0.03,2.0,0
guam_cnmi,Development,0.5,cnmi_1,0.0,0.01,0.02,0.03,2.0,0
guam_cnmi,Development,0.6,cnmi_1,0.0,0.01,0.02,0.03,2.0,0
guam_cnmi,Development,0.7,cnmi_1,0.0,0.01,0.02,0.03,2.0,0
guam_cnmi,Development,0.8,cnmi_1,0.0,0.01,0.02,0.03,2.0,0
guam_cnmi,Development,0.9,cnmi_1,0.0,0.01,0.02,0.03,2.0,0
guam_cnmi,Development,1.0,cnmi_1,0.0,0.01,0.02,0.03,2.0,0
guam_cnmi,Fish,0.1,cnmi_1,0.0,0.02,0.0325,0.2409999999999999,3.0,0
guam_cnmi,Fish,0.2,cnmi_1,0.0,0.02,0.03,0.2409999999999999,3.0,0
guam_cnmi,Fish,0.3,cnmi_1,0.0,0.01,0.02,0.03,2.0,0
guam_cnmi,Fish,0.4,cnmi_1,0.0,0.01,0.02,0.03,2.0,0
guam_cnmi,Fish,0.5,cnmi_1,0.0,0.01,0.02,0.03,2.0,0
guam_cnmi,Fish,0.6,cnmi_1,0.0,0.01,0.02,0.03,2.0,0
guam_cnmi,Fish,0.7,cnmi_1,0.0,0.01,0.02,0.03,2.0,0
guam_cnmi,Turbidity,0.0,cnmi_1,0.0,0.01,0.02,0.03,2.0,0
guam_cnmi,Turbidity,0.1,cnmi_1,0.0,0.01,0.02,0.03,2.0,0
guam_cnmi,Turbidity,0.2,cnmi_1,0.0,0.02,0.2,0.2,20.0,0
guam_cnmi,Turbidity,0.3,cnmi_1,0.0,0.02,0.2,0.2,20.0,0
guam_cnmi,Turbidity,0.4,cnmi_1,0.0,0.02,0.2,0.2,20.0,0
guam_cnmi,Turbidity,0.5,cnmi_1,0.0,0.02,0.2,0.2,20.0,0
guam_cnmi,Coral size,5.0,cnmi_10,0.5,0.0,0.00125,0.005,-0.5,0
guam_cnmi,Coral size,15.0,cnmi_10,0.5,0.0,0.005,0.005,0.0,0
guam_cnmi,Coral size,25.0,cnmi_10,0.5,0.0,0.0,0.005,-0.5,0
guam_cnmi,Coral size,35.0,cnmi_10,0.5,0.0,0.0,0.005,-0.5,0
guam_cnmi,Coral size,45.0,cnmi_10,0.5,0.0,0.0,0.005,-0.5,0
guam_cnmi,Coral size,55.0,cnmi_10,0.5,0.0,0.0,0.005,-0.5,0
guam_cnmi,Coral size,65.0,cnmi_10,0.5,0.0,0.02,0.03,1.5,0
guam_cnmi,Development,0.0,cnmi_10,0.5,0.0,0.02,0.03,1.5,0
guam_cnmi,Development,0.1,cnmi_10,0.5,0.0,0.02,0.03,1.5,0
guam_cnmi,Development,0.2,cnmi_10,0.5,0.0,0.02,0.03,1.5,0
guam_cnmi,Development,0.3,cnmi_10,0.5,0.01,0.02,0.03,1.5,0
guam_cnmi,Development,0.4,cnmi_10,0.5,0.01,0.02,0.03,1.5,0
guam_cnmi,Development,0.5,cnmi_10,0.5,0.01,0.02,0.03,1.5,0
guam_cnmi,Development,0.6,cnmi_10,0.5,0.01,0.02,0.03,1.5,0
guam_cnmi,Development,0.7,cnmi_10,0.5,0.01,0.02,0.03,1.5,0
guam_cnmi,Development,0.8,cnmi_10,0.5,0.01,0.02,0.03,1.5,0
guam_cnmi,Development,0.9,cnmi_10,0.5,0.01,0.02,0.03,1.5,0
guam_cnmi,Development,1.0,cnmi_10,0.5,0.01,0.02,0.03,1.5,0
guam_cnmi,Fish,0.1,cnmi_10,0.5,0.02,0.15500000000000003,0.2905,15.0,0
guam_cnmi,Fish,0.2,cnmi_10,0.5,0.02,0.15500000000000003,0.28049999999999997,15.0,0
guam_cnmi,Fish,0.3,cnmi_10,0.5,0.01,0.02,0.03,1.5,0
guam_cnmi,Fish,0.4,cnmi_10,0.5,0.01,0.02,0.03,1.5,0
guam_cnmi,Fish,0.5,cnmi_10,0.5,0.01,0.02,0.03,1.5,0
guam_cnmi,Fish,0.6,cnmi_10,0.5,0.01,0.02,0.03,1.5,0
guam_cnmi,Fish,0.7,cnmi_10,0.5,0.01,0.02,0.03,1.5,0
guam_cnmi,Turbidity,0.0,cnmi_10,0.5,0.01,0.02,0.03,1.5,0
guam_cnmi,Turbidity,0.1,cnmi_10,0.5,0.01,0.02,0.03,1.5,0
guam_cnmi,Turbidity,0.2,cnmi_10,0.5,0.02,0.2,0.2,19.5,0
guam_cnmi,Turbidity,0.3,cnmi_10,0.5,0.02,0.2,0.2,19.5,0
guam_cnmi,Turbidity,0.4,cnmi_10,0.5,0.02,0.2,0.2,19.5,0
guam_cnmi,Turbidity,0.5,cnmi_10,0.5,0.02,0.2,0.2,19.5,0
guam_cnmi,Coral size,5.0,cnmi_2,0.0,0.0,0.0,0.0,0.0,0
guam_cnmi,Coral size,15.0,cnmi_2,0.0,0.0,0.0,0.0,0.0,0
guam_cnmi,Coral size,25.0,cnmi_2,0.0,0.0,0.0,0.01,0.0,0
guam_cnmi,Coral size,35.0,cnmi_2,0.0,0.0,0.0,0.01,0.0,0
guam_cnmi,Coral size,45.0,cnmi_2,0.0,0.0,0.0,0.01,0.0,0
guam_cnmi,Coral size,55.0,cnmi_2,0.0,0.0,0.0,0.01,0.0,0
guam_cnmi,Coral size,65.0,cnmi_2,0.0,0.01,0.02,0.03,2.0,0
guam_cnmi,Development,0.0,cnmi_2,0.0,0.01,0.02,0.03,2.0,0
guam_cnmi,Development,0.1,cnmi_2,0.0,0.01,0.02,0.03,2.0,0
guam_cnmi,Development,0.2,cnmi_2,0.0,0.01,0.02,0.03,2.0,0
guam_cnmi,Development,0.3,cnmi_2,0.0,0.01,0.02,0.03,2.0,0
guam_cnmi,Development,0.4,cnmi_2,0.0,0.01,0.02,0.03,2.0,0
guam_cnmi,Development,0.5,cnmi_2,0.0,0.01,0.02,0.03,2.0,0
guam_cnmi,Development,0.6,cnmi_2,0.0,0.01,0.02,0.03,2.0,0
guam_cnmi,Development,0.7,cnmi_2,0.0,0.01,0.02,0.03,2.0,0
guam_cnmi,Development,0.8,cnmi_2,0.0,0.01,0.02,0.03,2.0,0
guam_cnmi,Development,0.9,cnmi_2,0.0,0.01,0.02,0.03,2.0,0
guam_cnmi,Development,1.0,cnmi_2,0.0,0.01,0.02,0.03,2.0,0
guam_cnmi,Fish,0.1,cnmi_2,0.0,0.02,0.03,0.2409999999999999,3.0,0
guam_cnmi,Fish,0.2,cnmi_2,0.0,0.02,0.03,0.2409999999999999,3.0,0
guam_cnmi,Fish,0.3,cnmi_2,0.0,0.01,0.02,0.03,2.0,0
guam_cnmi,Fish,0.4,cnmi_2,0.0,0.01,0.02,0.03,2.0,0
guam_cnmi,Fish,0.5,cnmi_2,0.0,0.01,0.02,0.03,2.0,0
guam_cnmi,Fish,0.6,cnmi_2,0.0,0.01,0.02,0.03,2.0,0
guam_cnmi,Fish,0.7,cnmi_2,0.0,0.01,0.02,0.03,2.0,0
guam_cnmi,Turbidity,0.0,cnmi_2,0.0,0.01,0.02,0.03,2.0,0
guam_cnmi,Turbidity,0.1,cnmi_2,0.0,0.01,0.02,0.03,2.0,0
guam_cnmi,Turbidity,0.2,cnmi_2,0.0,0.02,0.2,0.2,20.0,0
guam_cnmi,Turbidity,0.3,cnmi_2,0.0,0.02,0.2,0.2,20.0,0
guam_cnmi,Turbidity,0.4,cnmi_2,0.0,0.02,0.2,0.2,20.0,0
guam_cnmi,Turbidity,0.5,cnmi_2,0.0,0.02,0.2,0.2,20.0,0
guam_cnmi,Coral size,5.0,cnmi_3,0.0,0.0,0.0,0.0,0.0,0
guam_cnmi,Coral size,15.0,cnmi_3,0.0,0.0,0.0,0.0,0.0,0
guam_cnmi,Coral size,25.0,cnmi_3,0.0,0.0,0.0,0.01,0.0,0
guam_cnmi,Coral size,35.0,cnmi_3,0.0,0.0,0.0,0.01,0.0,0
guam_cnmi,Coral size,45.0,cnmi_3,0.0,0.0,0.0,0.01,0.0,0
guam_cnmi,Coral size,55.0,cnmi_3,0.0,0.0,0.0,0.01,0.0,0
guam_cnmi,Coral size,65.0,cnmi_3,0.0,0.01,0.02,0.03,2.0,0
guam_cnmi,Development,0.0,cnmi_3,0.0,0.01,0.02,0.03,2.0,0
guam_cnmi,Development,0.1,cnmi_3,0.0,0.01,0.02,0.03,2.0,0
guam_cnmi,Development,0.2,cnmi_3,0.0,0.01,0.02,0.03,2.0,0
guam_cnmi,Development,0.3,cnmi_3,0.0,0.01,0.02,0.03,2.0,0
guam_cnmi,Development,0.4,cnmi_3,0.0,0.01,0.02,0.03,2.0,0
guam_cnmi,Development,0.5,cnmi_3,0.0,0.01,0.02,0.03,2.0,0
guam_cnmi,Development,0.6,cnmi_3,0.0,0.01,0.02,0.03,2.0,0
guam_cnmi,Development,0.7,cnmi_3,0.0,0.01,0.02,0.03,2.0,0
guam_cnmi,Development,0.8,cnmi_3,0.0,0.01,0.02,0.03,2.0,0
guam_cnmi,Development,0.9,cnmi_3,0.0,0.01,0.02,0.03,2.0,0
guam_cnmi,Development,1.0,cnmi_3,0.0,0.01,0.02,0.03,2.0,0
guam_cnmi,Fish,0.1,cnmi_3,0.0,0.02,0.03,0.2409999999999999,3.0,0
guam_cnmi,Fish,0.2,cnmi_3,0.0,0.02,0.03,0.2409999999999999,3.0,0
guam_cnmi,Fish,0.3,cnmi_3,0.0,0.01,0.02,0.03,2.0,0
guam_cnmi,Fish,0.4,cnmi_3,0.0,0.01,0.02,0.03,2.0,0
guam_cnmi,Fish,0.5,cnmi_3,0.0,0.01,0.02,0.03,2.0,0
guam_cnmi,Fish,0.6,cnmi_3,0.0,0.01,0.02,0.03,2.0,0
guam_cnmi,Fish,0.7,cnmi_3,0.0,0.01,0.02,0.03,2.0,0
guam_cnmi,Turbidity,0.0,cnmi_3,0.0,0.01,0.02,0.03,2.0,0
guam_cnmi,Turbidity,0.1,cnmi_3,0.0,0.01,0.02,0.03,2.0,0
guam_cnmi,Turbidity,0.2,cnmi_3,0.0,0.02,0.2,0.2,20.0,0
guam_cnmi,Turbidity,0.3,cnmi_3,0.0,0.02,0.2,0.2,20.0,0
guam_cnmi,Turbidity,0.4,cnmi_3,0.0,0.02,0.2,0.2,20.0,0
guam_cnmi,Turbidity,0.5,cnmi_3,0.0,0.02,0.2,0.2,20.0,0
guam_cnmi,Coral size,5.0,cnmi_4,0.0,0.0,0.0,0.0,0.0,0
guam_cnmi,Coral size,15.0,cnmi_4,0.0,0.0,0.0,0.0,0.0,0
guam_cnmi,Coral size,25.0,cnmi_4,0.0,0.0,0.0,0.01,0.0,0
guam_cnmi,Coral size,35.0,cnmi_4,0.0,0.0,0.0,0.01,0.0,0
guam_cnmi,Coral size,45.0,cnmi_4,0.0,0.0,0.0,0.01,0.0,0
guam_cnmi,Coral size,55.0,cnmi_4,0.0,0.0,0.0,0.01,0.0,0
guam_cnmi,Coral size,65.0,cnmi_4,0.0,0.005,0.02,0.03,2.0,0
guam_cnmi,Development,0.0,cnmi_4,0.0,0.01,0.02,0.03,2.0,0
guam_cnmi,Development,0.1,cnmi_4,0.0,0.01,0.02,0.03,2.0,0
guam_cnmi,Development,0.2,cnmi_4,0.0,0.01,0.02,0.03,2.0,0
guam_cnmi,Development,0.3,cnmi_4,0.0,0.01,0.02,0.03,2.0,0
guam_cnmi,Development,0.4,cnmi_4,0.0,0.01,0.02,0.03,2.0,0
guam_cnmi,Development,0.5,cnmi_4,0.0,0.01,0.02,0.03,2.0,0
guam_cnmi,Development,0.6,cnmi_4,0.0,0.01,0.02,0.03,2.0,0
guam_cnmi,Development,0.7,cnmi_4,0.0,0.01,0.02,0.03,2.0,0
guam_cnmi,Development,0.8,cnmi_4,0.0,0.01,0.02,0.03,2.0,0
guam_cnmi,Development,0.9,cnmi_4,0.0,0.01,0.02,0.03,2.0,0
guam_cnmi,Development,1.0,cnmi_4,0.0,0.01,0.02,0.03,2.0,0
guam_cnmi,Fish,0.1,cnmi_4,0.0,0.02,0.03125,0.2409999999999999,3.0,0
guam_cnmi,Fish,0.2,cnmi_4,0.0,0.02,0.03,0.2409999999999999,3.0,0
guam_cnmi,Fish,0.3,cnmi_4,0.0,0.01,0.02,0.03,2.0,0
guam_cnmi,Fish,0.4,cnmi_4,0.0,0.01,0.02,0.03,2.0,0
guam_cnmi,Fish,0.5,cnmi_4,0.0,0.01,0.02,0.03,2.0,0
guam_cnmi,Fish,0.6,cnmi_4,0.0,0.01,0.02,0.03,2.0,0
guam_cnmi,Fish,0.7,cnmi_4,0.0,0.01,0.02,0.03,2.0,0
guam_cnmi,Turbidity,0.0,cnmi_4,0.0,0.01,0.02,0.03,2.0,0
guam_cnmi,Turbidity,0.1,cnmi_4,0.0,0.01,0.02,0.03,2.0,0
guam_cnmi,Turbidity,0.2,cnmi_4,0.0,0.02,0.2,0.2,20.0,0
guam_cnmi,Turbidity,0.3,cnmi_4,0.0,0.02,0.2,0.2,20.0,0
guam_cnmi,Turbidity,0.4,cnmi_4,0.0,0.02,0.2,0.2,20.0,0
guam_cnmi,Turbidity,0.5,cnmi_4,0.0,0.02,0.2,0.2,20.0,0
guam_cnmi,Coral size,5.0,cnmi_5,0.0,0.0,0.0,0.01,0.0,0
guam_cnmi,Coral size,15.0,cnmi_5,0.0,0.0,0.0,0.0,0.0,0
guam_cnmi,Coral size,25.0,cnmi_5,0.0,0.0,0.0,0.01,0.0,0
guam_cnmi,Coral size,35.0,cnmi_5,0.0,0.0,0.0,0.01,0.0,0
guam_cnmi,Coral size,45.0,cnmi_5,0.0,0.0,0.0,0.01,0.0,0
guam_cnmi,Coral size,55.0,cnmi_5,0.0,0.0,0.0,0.01,0.0,0
guam_cnmi,Coral size,65.0,cnmi_5,0.0,0.01,0.02,0.03,2.0,0
guam_cnmi,Development,0.0,cnmi_5,0.0,0.01,0.02,0.03,2.0,0
guam_cnmi,Development,0.1,cnmi_5,0.0,0.01,0.02,0.03,2.0,0
guam_cnmi,Development,0.2,cnmi_5,0.0,0.01,0.02,0.03,2.0,0
guam_cnmi,Development,0.3,cnmi_5,0.0,0.01,0.02,0.03,2.0,0
guam_cnmi,Development,0.4,cnmi_5,0.0,0.01,0.02,0.03,2.0,0
guam_cnmi,Development,0.5,cnmi_5,0.0,0.01,0.02,0.03,2.0,0
guam_cnmi,Development,0.6,cnmi_5,0.0,0.01,0.02,0.03,2.0,0
guam_cnmi,Development,0.7,cnmi_5,0.0,0.01,0.02,0.03,2.0,0
guam_cnmi,Development,0.8,cnmi_5,0.0,0.01,0.02,0.03,2.0,0
guam_cnmi,Development,0.9,cnmi_5,0.0,0.01,0.02,0.03,2.0,0
guam_cnmi,Development,1.0,cnmi_5,0.0,0.01,0.02,0.03,2.0,0
guam_cnmi,Fish,0.1,cnmi_5,0.0,0.02,0.0325,0.2409999999999999,3.0,0
guam_cnmi,Fish,0.2,cnmi_5,0.0,0.02,0.03,0.2409999999999999,3.0,0
guam_cnmi,Fish,0.3,cnmi_5,0.0,0.01,0.02,0.03,2.0,0
guam_cnmi,Fish,0.4,cnmi_5,0.0,0.01,0.02,0.03,2.0,0
guam_cnmi,Fish,0.5,cnmi_5,0.0,0.01,0.02,0.03,2.0,0
guam_cnmi,Fish,0.6,cnmi_5,0.0,0.01,0.02,0.03,2.0,0
guam_cnmi,Fish,0.7,cnmi_5,0.0,0.01,0.02,0.03,2.0,0
guam_cnmi,Turbidity,0.0,cnmi_5,0.0,0.01,0.02,0.03,2.0,0
guam_cnmi,Turbidity,0.1,cnmi_5,0.0,0.01,0.02,0.03,2.0,0
guam_cnmi,Turbidity,0.2,cnmi_5,0.0,0.02,0.2,0.2,20.0,0
guam_cnmi,Turbidity,0.3,cnmi_5,0.0,0.02,0.2,0.2,20.0,0
guam_cnmi,Turbidity,0.4,cnmi_5,0.0,0.02,0.2,0.2,20.0,0
guam_cnmi,Turbidity,0.5,cnmi_5,0.0,0.02,0.2,0.2,20.0,0
guam_cnmi,Coral size,5.0,cnmi_7,0.0,0.0,0.0,0.0,0.0,0
guam_cnmi,Coral size,15.0,cnmi_7,0.0,0.0,0.0,0.0,0.0,0
guam_cnmi,Coral size,25.0,cnmi_7,0.0,0.0,0.0,0.01,0.0,0
guam_cnmi,Coral size,35.0,cnmi_7,0.0,0.0,0.0,0.01,0.0,0
guam_cnmi,Coral size,45.0,cnmi_7,0.0,0.0,0.0,0.01,0.0,0
guam_cnmi,Coral size,55.0,cnmi_7,0.0,0.0,0.0,0.01,0.0,0
guam_cnmi,Coral size,65.0,cnmi_7,0.0,0.005,0.02,0.03,2.0,0
guam_cnmi,Development,0.0,cnmi_7,0.0,0.01,0.02,0.03,2.0,0
guam_cnmi,Development,0.1,cnmi_7,0.0,0.01,0.02,0.03,2.0,0
guam_cnmi,Development,0.2,cnmi_7,0.0,0.01,0.02,0.03,2.0,0
guam_cnmi,Development,0.3,cnmi_7,0.0,0.01,0.02,0.03,2.0,0
guam_cnmi,Development,0.4,cnmi_7,0.0,0.01,0.02,0.03,2.0,0
guam_cnmi,Development,0.5,cnmi_7,0.0,0.01,0.02,0.03,2.0,0
guam_cnmi,Development,0.6,cnmi_7,0.0,0.01,0.02,0.03,2.0,0
guam_cnmi,Development,0.7,cnmi_7,0.0,0.01,0.02,0.03,2.0,0
guam_cnmi,Development,0.8,cnmi_7,0.0,0.01,0.02,0.03,2.0,0
guam_cnmi,Development,0.9,cnmi_7,0.0,0.01,0.02,0.03,2.0,0
guam_cnmi,Development,1.0,cnmi_7,0.0,0.01,0.02,0.03,2.0,0
guam_cnmi,Fish,0.1,cnmi_7,0.0,0.02,0.03125,0.2409999999999999,3.0,0
guam_cnmi,Fish,0.2,cnmi_7,0.0,0.02,0.03,0.2409999999999999,3.0,0
guam_cnmi,Fish,0.3,cnmi_7,0.0,0.01,0.02,0.03,2.0,0
guam_cnmi,Fish,0.4,cnmi_7,0.0,0.01,0.02,0.03,2.0,0
guam_cnmi,Fish,0.5,cnmi_7,0.0,0.01,0.02,0.03,2.0,0
guam_cnmi,Fish,0.6,cnmi_7,0.0,0.01,0.02,0.03,2.0,0
guam_cnmi,Fish,0.7,cnmi_7,0.0,0.01,0.02,0.03,2.0,0
guam_cnmi,Turbidity,0.0,cnmi_7,0.0,0.01,0.02,0.03,2.0,0
guam_cnmi,Turbidity,0.1,cnmi_7,0.0,0.01,0.02,0.03,2.0,0
guam_cnmi,Turbidity,0.2,cnmi_7,0.0,0.02,0.2,0.2,20.0,0
guam_cnmi,Turbidity,0.3,cnmi_7,0.0,0.02,0.2,0.2,20.0,0
guam_cnmi,Turbidity,0.4,cnmi_7,0.0,0.02,0.2,0.2,20.0,0
guam_cnmi,Turbidity,0.5,cnmi_7,0.0,0.02,0.2,0.2,20.0,0
guam_cnmi,Coral size,5.0,cnmi_9,0.0,0.0,0.0,0.0,0.0,0
guam_cnmi,Coral size,15.0,cnmi_9,0.0,0.0,0.0,0.0,0.0,0
guam_cnmi,Coral size,25.0,cnmi_9,0.0,0.0,0.0,0.01,0.0,0
guam_cnmi,Coral size,35.0,cnmi_9,0.0,0.0,0.0,0.01,0.0,0
guam_cnmi,Coral size,45.0,cnmi_9,0.0,0.0,0.0,0.01,0.0,0
guam_cnmi,Coral size,55.0,cnmi_9,0.0,0.0,0.0,0.01,0.0,0
guam_cnmi,Coral size,65.0,cnmi_9,0.0,0.005,0.02,0.03,2.0,0
guam_cnmi,Development,0.0,cnmi_9,0.0,0.01,0.02,0.03,2.0,0
guam_cnmi,Development,0.1,cnmi_9,0.0,0.01,0.02,0.03,2.0,0
guam_cnmi,Development,0.2,cnmi_9,0.0,0.01,0.02,0.03,2.0,0
guam_cnmi,Development,0.3,cnmi_9,0.0,0.01,0.02,0.03,2.0,0
guam_cnmi,Development,0.4,cnmi_9,0.0,0.01,0.02,0.03,2.0,0
guam_cnmi,Development,0.5,cnmi_9,0.0,0.01,0.02,0.03,2.0,0
guam_cnmi,Development,0.6,cnmi_9,0.0,0.01,0.02,0.03,2.0,0
guam_cnmi,Development,0.7,cnmi_9,0.0,0.01,0.02,0.03,2.0,0
guam_cnmi,Development,0.8,cnmi_9,0.0,0.01,0.02,0.03,2.0,0
guam_cnmi,Development,0.9,cnmi_9,0.0,0.01,0.02,0.03,2.0,0
guam_cnmi,Development,1.0,cnmi_9,0.0,0.01,0.02,0.03,2.0,0
guam_cnmi,Fish,0.1,cnmi_9,0.0,0.02,0.0325,0.2409999999999999,3.0,0
guam_cnmi,Fish,0.2,cnmi_9,0.0,0.02,0.03,0.2409999999999999,3.0,0
guam_cnmi,Fish,0.3,cnmi_9,0.0,0.01,0.02,0.03,2.0,0
guam_cnmi,Fish,0.4,cnmi_9,0.0,0.01,0.02,0.03,2.0,0
guam_cnmi,Fish,0.5,cnmi_9,0.0,0.01,0.02,0.03,2.0,0
guam_cnmi,Fish,0.6,cnmi_9,0.0,0.01,0.02,0.03,2.0,0
guam_cnmi,Fish,0.7,cnmi_9,0.0,0.01,0.02,0.03,2.0,0
guam_cnmi,Turbidity,0.0,cnmi_9,0.0,0.01,0.02,0.03,2.0,0
guam_cnmi,Turbidity,0.1,cnmi_9,0.0,0.01,0.02,0.03,2.0,0
guam_cnmi,Turbidity,0.2,cnmi_9,0.0,0.02,0.2,0.2,20.0,0
guam_cnmi,Turbidity,0.3,cnmi_9,0.0,0.02,0.2,0.2,20.0,0
guam_cnmi,Turbidity,0.4,cnmi_9,0.0,0.02,0.2,0.2,20.0,0
guam_cnmi,Turbidity,0.5,cnmi_9,0.0,0.02,0.2,0.2,20.0,0
guam_cnmi,Coral size,5.0,guam_Achang Reef Flat Marine Preserve,0.0,0.0,0.0,0.0,0.0,0
guam_cnmi,Coral size,15.0,guam_Achang Reef Flat Marine Preserve,0.0,0.0,0.0,0.0,0.0,0
guam_cnmi,Coral size,25.0,guam_Achang Reef Flat Marine Preserve,0.0,0.0,0.0,0.02,0.0,0
guam_cnmi,Coral size,35.0,guam_Achang Reef Flat Marine Preserve,0.0,0.0,0.0,0.02,0.0,0
guam_cnmi,Coral size,45.0,guam_Achang Reef Flat Marine Preserve,0.0,0.0,0.0,0.03,0.0,0
guam_cnmi,Coral size,55.0,guam_Achang Reef Flat Marine Preserve,0.0,0.0,0.00125,0.03049999999999995,0.0,0
guam_cnmi,Coral size,65.0,guam_Achang Reef Flat Marine Preserve,0.0,0.0,0.02,0.04549999999999995,2.0,0
guam_cnmi,Development,0.0,guam_Achang Reef Flat Marine Preserve,0.0,0.0,0.02,0.05,2.0,0
guam_cnmi,Development,0.1,guam_Achang Reef Flat Marine Preserve,0.0,0.0,0.02,0.05,2.0,0
guam_cnmi,Development,0.2,guam_Achang Reef Flat Marine Preserve,0.0,0.02,0.036250000000000004,0.25,3.5,0
guam_cnmi,Development,0.3,guam_Achang Reef Flat Marine Preserve,0.0,0.02,0.04,0.2409999999999999,4.0,0
guam_cnmi,Development,0.4,guam_Achang Reef Flat Marine Preserve,0.0,0.02,0.03,0.2409999999999999,3.0,0
guam_cnmi,Development,0.5,guam_Achang Reef Flat Marine Preserve,0.0,0.02,0.03,0.2409999999999999,3.0,0
guam_cnmi,Development,0.6,guam_Achang Reef Flat Marine Preserve,0.0,0.02,0.03,0.2409999999999999,3.0,0
guam_cnmi,Development,0.7,guam_Achang Reef Flat Marine Preserve,0.0,0.02,0.03,0.2409999999999999,3.0,0
guam_cnmi,Development,0.8,guam_Achang Reef Flat Marine Preserve,0.0,0.02,0.03,0.2409999999999999,3.0,0
guam_cnmi,Development,0.9,guam_Achang Reef Flat Marine Preserve,0.0,0.02,0.03,0.2409999999999999,3.0,0
guam_cnmi,Development,1.0,guam_Achang Reef Flat Marine Preserve,0.0,0.02,0.03,0.2409999999999999,3.0,0
guam_cnmi,Fish,0.1,guam_Achang Reef Flat Marine Preserve,0.0,0.02,0.03125,0.2409999999999999,3.0,0
guam_cnmi,Fish,0.2,guam_Achang Reef Flat Marine Preserve,0.0,0.02,0.03,0.2409999999999999,3.0,0
guam_cnmi,Fish,0.3,guam_Achang Reef Flat Marine Preserve,0.0,0.01,0.02,0.03,2.0,0
guam_cnmi,Fish,0.4,guam_Achang Reef Flat Marine Preserve,0.0,0.01,0.02,0.03,2.0,0
guam_cnmi,Fish,0.5,guam_Achang Reef Flat Marine Preserve,0.0,0.01,0.02,0.03,2.0,0
guam_cnmi,Fish,0.6,guam_Achang Reef Flat Marine Preserve,0.0,0.01,0.02,0.03,2.0,0
guam_cnmi,Fish,0.7,guam_Achang Reef Flat Marine Preserve,0.0,0.01,0.02,0.03,2.0,0
guam_cnmi,Turbidity,0.0,guam_Achang Reef Flat Marine Preserve,0.0,0.01,0.02,0.03,2.0,0
guam_cnmi,Turbidity,0.1,guam_Achang Reef Flat Marine Preserve,0.0,0.01,0.02,0.03,2.0,0
guam_cnmi,Turbidity,0.2,guam_Achang Reef Flat Marine Preserve,0.0,0.02,0.2,0.2,20.0,0
guam_cnmi,Turbidity,0.3,guam_Achang Reef Flat Marine Preserve,0.0,0.02,0.2,0.2,20.0,0
guam_cnmi,Turbidity,0.4,guam_Achang Reef Flat Marine Preserve,0.0,0.02,0.2,0.2,20.0,0
guam_cnmi,Turbidity,0.5,guam_Achang Reef Flat Marine Preserve,0.0,0.02,0.2,0.2,20.0,0
guam_cnmi,Coral size,5.0,guam_Pati Point Marine Preserve,0.0,0.0,0.0,0.005,0.0,0
guam_cnmi,Coral size,15.0,guam_Pati Point Marine Preserve,0.0,0.0,0.0,0.0,0.0,0
guam_cnmi,Coral size,25.0,guam_Pati Point Marine Preserve,0.0,0.005,0.005,0.02,0.5,0
guam_cnmi,Coral size,35.0,guam_Pati Point Marine Preserve,0.0,0.005,0.005,0.02,0.5,0
guam_cnmi,Coral size,45.0,guam_Pati Point Marine Preserve,0.0,0.005,0.005,0.03,0.5,0
guam_cnmi,Coral size,55.0,guam_Pati Point Marine Preserve,0.0,0.005,0.00625,0.035,0.5,0
guam_cnmi,Coral size,65.0,guam_Pati Point Marine Preserve,0.0,0.005,0.02,0.0409999999999999,2.0,0
guam_cnmi,Development,0.0,guam_Pati Point Marine Preserve,0.0,0.0,0.02,0.05,2.0,0
guam_cnmi,Development,0.1,guam_Pati Point Marine Preserve,0.0,0.0,0.02,0.05,2.0,0
guam_cnmi,Development,0.2,guam_Pati Point Marine Preserve,0.0,0.02,0.0325,0.25,3.0,0
guam_cnmi,Development,0.3,guam_Pati Point Marine Preserve,0.0,0.02,0.04,0.2409999999999999,4.0,0
guam_cnmi,Development,0.4,guam_Pati Point Marine Preserve,0.0,0.02,0.03,0.2409999999999999,3.0,0
guam_cnmi,Development,0.5,guam_Pati Point Marine Preserve,0.0,0.02,0.03,0.2409999999999999,3.0,0
guam_cnmi,Development,0.6,guam_Pati Point Marine Preserve,0.0,0.02,0.03,0.2409999999999999,3.0,0
guam_cnmi,Development,0.7,guam_Pati Point Marine Preserve,0.0,0.02,0.03,0.2409999999999999,3.0,0
guam_cnmi,Development,0.8,guam_Pati Point Marine Preserve,0.0,0.02,0.03,0.2409999999999999,3.0,0
guam_cnmi,Development,0.9,guam_Pati Point Marine Preserve,0.0,0.02,0.03,0.2409999999999999,3.0,0
guam_cnmi,Development,1.0,guam_Pati Point Marine Preserve,0.0,0.02,0.03,0.2409999999999999,3.0,0
guam_cnmi,Fish,0.1,guam_Pati Point Marine Preserve,0.0,0.02,0.03,0.2409999999999999,3.0,0
guam_cnmi,Fish,0.2,guam_Pati Point Marine Preserve,0.0,0.02,0.03,0.2409999999999999,3.0,0
guam_cnmi,Fish,0.3,guam_Pati Point Marine Preserve,0.0,0.01,0.02,0.03,2.0,0
guam_cnmi,Fish,0.4,guam_Pati Point Marine Preserve,0.0,0.01,0.02,0.03,2.0,0
guam_cnmi,Fish,0.5,guam_Pati Point Marine Preserve,0.0,0.01,0.02,0.03,2.0,0
guam_cnmi,Fish,0.6,guam_Pati Point Marine Preserve,0.0,0.01,0.02,0.03,2.0,0
guam_cnmi,Fish,0.7,guam_Pati Point Marine Preserve,0.0,0.01,0.02,0.03,2.0,0
guam_cnmi,Turbidity,0.0,guam_Pati Point Marine Preserve,0.0,0.01,0.02,0.03,2.0,0
guam_cnmi,Turbidity,0.1,guam_Pati Point Marine Preserve,0.0,0.01,0.02,0.03,2.0,0
guam_cnmi,Turbidity,0.2,guam_Pati Point Marine Preserve,0.0,0.02,0.2,0.2,20.0,0
guam_cnmi,Turbidity,0.3,guam_Pati Point Marine Preserve,0.0,0.02,0.2,0.2,20.0,0
guam_cnmi,Turbidity,0.4,guam_Pati Point Marine Preserve,0.0,0.02,0.2,0.2,20.0,0
guam_cnmi,Turbidity,0.5,guam_Pati Point Marine Preserve,0.0,0.02,0.2,0.2,20.0,0
guam_cnmi,Coral size,5.0,guam_Piti Bomb Holes Marine Preserve,0.5,0.0,0.005,0.025,0.0,0
guam_cnmi,Coral size,15.0,guam_Piti Bomb Holes Marine Preserve,0.5,0.0,0.005,0.02049999999999995,0.0,0
guam_cnmi,Coral size,25.0,guam_Piti Bomb Holes Marine Preserve,0.5,0.005,0.005,0.005,0.0,0
guam_cnmi,Coral size,35.0,guam_Piti Bomb Holes Marine Preserve,0.5,0.005,0.005,0.005,0.0,0
guam_cnmi,Coral size,45.0,guam_Piti Bomb Holes Marine Preserve,0.5,0.005,0.005,0.005,0.0,0
guam_cnmi,Coral size,55.0,guam_Piti Bomb Holes Marine Preserve,0.5,0.005,0.005,0.005,0.0,0
guam_cnmi,Coral size,65.0,guam_Piti Bomb Holes Marine Preserve,0.5,0.005,0.02,0.03,1.5,0
guam_cnmi,Development,0.0,guam_Piti Bomb Holes Marine Preserve,0.5,0.0,0.02,0.03,1.5,0
guam_cnmi,Development,0.1,guam_Piti Bomb Holes Marine Preserve,0.5,0.0,0.02,0.03,1.5,0
guam_cnmi,Development,0.2,guam_Piti Bomb Holes Marine Preserve,0.5,0.0,0.02,0.03,1.5,0
guam_cnmi,Development,0.3,guam_Piti Bomb Holes Marine Preserve,0.5,0.01,0.02,0.03,1.5,0
guam_cnmi,Development,0.4,guam_Piti Bomb Holes Marine Preserve,0.5,0.01,0.02,0.03,1.5,0
guam_cnmi,Development,0.5,guam_Piti Bomb Holes Marine Preserve,0.5,0.01,0.02,0.03,1.5,0
guam_cnmi,Development,0.6,guam_Piti Bomb Holes Marine Preserve,0.5,0.01,0.02,0.03,1.5,0
guam_cnmi,Development,0.7,guam_Piti Bomb Holes Marine Preserve,0.5,0.01,0.02,0.03,1.5,0
guam_cnmi,Development,0.8,guam_Piti Bomb Holes Marine Preserve,0.5,0.01,0.02,0.03,1.5,0
guam_cnmi,Development,0.9,guam_Piti Bomb Holes Marine Preserve,0.5,0.01,0.02,0.03,1.5,0
guam_cnmi,Development,1.0,guam_Piti Bomb Holes Marine Preserve,0.5,0.01,0.02,0.03,1.5,0
guam_cnmi,Fish,0.1,guam_Piti Bomb Holes Marine Preserve,0.5,0.025,0.17625000000000002,0.29549999999999993,17.0,0
guam_cnmi,Fish,0.2,guam_Piti Bomb Holes Marine Preserve,0.5,0.025,0.175,0.29549999999999993,17.0,0
guam_cnmi,Fish,0.3,guam_Piti Bomb Holes Marine Preserve,0.5,0.01,0.02,0.03,1.5,0
guam_cnmi,Fish,0.4,guam_Piti Bomb Holes Marine Preserve,0.5,0.01,0.02,0.03,1.5,0
guam_cnmi,Fish,0.5,guam_Piti Bomb Holes Marine Preserve,0.5,0.01,0.02,0.03,1.5,0
guam_cnmi,Fish,0.6,guam_Piti Bomb Holes Marine Preserve,0.5,0.01,0.02,0.03,1.5,0
guam_cnmi,Fish,0.7,guam_Piti Bomb Holes Marine Preserve,0.5,0.01,0.02,0.03,1.5,0
guam_cnmi,Turbidity,0.0,guam_Piti Bomb Holes Marine Preserve,0.5,0.01,0.02,0.03,1.5,0
guam_cnmi,Turbidity,0.1,guam_Piti Bomb Holes Marine Preserve,0.5,0.01,0.02,0.03,1.5,0
guam_cnmi,Turbidity,0.2,guam_Piti Bomb Holes Marine Preserve,0.5,0.02,0.2,0.2,19.5,0
guam_cnmi,Turbidity,0.3,guam_Piti Bomb Holes Marine Preserve,0.5,0.02,0.2,0.2,19.5,0
guam_cnmi,Turbidity,0.4,guam_Piti Bomb Holes Marine Preserve,0.5,0.02,0.2,0.2,19.5,0
guam_cnmi,Turbidity,0.5,guam_Piti Bomb Holes Marine Preserve,0.5,0.02,0.2,0.2,19.5,0
guam_cnmi,Coral size,5.0,guam_Sasa Bay Marine Preserve,0.0,0.0,0.0,0.01,0.0,0
guam_cnmi,Coral size,15.0,guam_Sasa Bay Marine Preserve,0.0,0.0,0.0,0.0,0.0,0
guam_cnmi,Coral size,25.0,guam_Sasa Bay Marine Preserve,0.0,0.0,0.0,0.0,0.0,0
guam_cnmi,Coral size,35.0,guam_Sasa Bay Marine Preserve,0.0,0.0,0.0,0.0,0.0,0
guam_cnmi,Coral size,45.0,guam_Sasa Bay Marine Preserve,0.0,0.0,0.0,0.0,0.0,0
guam_cnmi,Coral size,55.0,guam_Sasa Bay Marine Preserve,0.0,0.0,0.0,0.0,0.0,0
guam_cnmi,Coral size,65.0,guam_Sasa Bay Marine Preserve,0.0,0.0,0.02,0.03,2.0,0
guam_cnmi,Development,0.0,guam_Sasa Bay Marine Preserve,0.0,0.0,0.02,0.03,2.0,0
guam_cnmi,Development,0.1,guam_Sasa Bay Marine Preserve,0.0,0.0,0.02,0.03,2.0,0
guam_cnmi,Development,0.2,guam_Sasa Bay Marine Preserve,0.0,0.0,0.02,0.03,2.0,0
guam_cnmi,Development,0.3,guam_Sasa Bay Marine Preserve,0.0,0.01,0.02,0.03,2.0,0
guam_cnmi,Development,0.4,guam_Sasa Bay Marine Preserve,0.0,0.01,0.02,0.03,2.0,0
guam_cnmi,Development,0.5,guam_Sasa Bay Marine Preserve,0.0,0.01,0.02,0.03,2.0,0
guam_cnmi,Development,0.6,guam_Sasa Bay Marine Preserve,0.0,0.01,0.02,0.03,2.0,0
guam_cnmi,Development,0.7,guam_Sasa Bay Marine Preserve,0.0,0.01,0.02,0.03,2.0,0
guam_cnmi,Development,0.8,guam_Sasa Bay Marine Preserve,0.0,0.01,0.02,0.03,2.0,0
guam_cnmi,Development,0.9,guam_Sasa Bay Marine Preserve,0.0,0.01,0.02,0.03,2.0,0
guam_cnmi,Development,1.0,guam_Sasa Bay Marine Preserve,0.0,0.01,0.02,0.03,2.0,0
guam_cnmi,Fish,0.1,guam_Sasa Bay Marine Preserve,0.0,0.02,0.0325,0.2409999999999999,3.0,0
guam_cnmi,Fish,0.2,guam_Sasa Bay Marine Preserve,0.0,0.02,0.03,0.2409999999999999,3.0,0
guam_cnmi,Fish,0.3,guam_Sasa Bay Marine Preserve,0.0,0.01,0.02,0.03,2.0,0
guam_cnmi,Fish,0.4,guam_Sasa Bay Marine Preserve,0.0,0.01,0.02,0.03,2.0,0
guam_cnmi,Fish,0.5,guam_Sasa Bay Marine Preserve,0.0,0.01,0.02,0.03,2.0,0
guam_cnmi,Fish,0.6,guam_Sasa Bay Marine Preserve,0.0,0.01,0.02,0.03,2.0,0
guam_cnmi,Fish,0.7,guam_Sasa Bay Marine Preserve,0.0,0.01,0.02,0.03,2.0,0
guam_cnmi,Turbidity,0.0,guam_Sasa Bay Marine Preserve,0.0,0.01,0.02,0.03,2.0,0
guam_cnmi,Turbidity,0.1,guam_Sasa Bay Marine Preserve,0.0,0.01,0.02,0.03,2.0,0
guam_cnmi,Turbidity,0.2,guam_Sasa Bay Marine Preserve,0.0,0.02,0.2,0.2,20.0,0
guam_cnmi,Turbidity,0.3,guam_Sasa Bay Marine Preserve,0.0,0.02,0.2,0.2,20.0,0
guam_cnmi,Turbidity,0.4,guam_Sasa Bay Marine Preserve,0.0,0.02,0.2,0.2,20.0,0
guam_cnmi,Turbidity,0.5,guam_Sasa Bay Marine Preserve,0.0,0.02,0.2,0.2,20.0,0
guam_cnmi,Coral size,5.0,guam_Tumon Bay Marine Preserve,0.5,0.005,0.1,0.10500000000000001,9.5,0
guam_cnmi,Coral size,15.0,guam_Tumon Bay Marine Preserve,0.5,0.0,0.005,0.01,0.0,0
guam_cnmi,Coral size,25.0,guam_Tumon Bay Marine Preserve,0.5,0.005,0.005,0.005,0.0,0
guam_cnmi,Coral size,35.0,guam_Tumon Bay Marine Preserve,0.5,0.005,0.005,0.005,0.0,0
guam_cnmi,Coral size,45.0,guam_Tumon Bay Marine Preserve,0.5,0.005,0.005,0.005,0.0,0
guam_cnmi,Coral size,55.0,guam_Tumon Bay Marine Preserve,0.5,0.005,0.005,0.005,0.0,0
guam_cnmi,Coral size,65.0,guam_Tumon Bay Marine Preserve,0.5,0.005,0.02,0.03,1.5,0
guam_cnmi,Development,0.0,guam_Tumon Bay Marine Preserve,0.5,0.0,0.02,0.03,1.5,0
guam_cnmi,Development,0.1,guam_Tumon Bay Marine Preserve,0.5,0.0,0.02,0.03,1.5,0
guam_cnmi,Development,0.2,guam_Tumon Bay Marine Preserve,0.5,0.0,0.02,0.03,1.5,0
guam_cnmi,Development,0.3,guam_Tumon Bay Marine Preserve,0.5,0.01,0.02,0.03,1.5,0
guam_cnmi,Development,0.4,guam_Tumon Bay Marine Preserve,0.5,0.01,0.02,0.03,1.5,0
guam_cnmi,Development,0.5,guam_Tumon Bay Marine Preserve,0.5,0.01,0.02,0.03,1.5,0
guam_cnmi,Development,0.6,guam_Tumon Bay Marine Preserve,0.5,0.01,0.02,0.03,1.5,0
guam_cnmi,Development,0.7,guam_Tumon Bay Marine Preserve,0.5,0.01,0.02,0.03,1.5,0
guam_cnmi,Development,0.8,guam_Tumon Bay Marine Preserve,0.5,0.01,0.02,0.03,1.5,0
guam_cnmi,Development,0.9,guam_Tumon Bay Marine Preserve,0.5,0.01,0.02,0.03,1.5,0
guam_cnmi,Development,1.0,guam_Tumon Bay Marine Preserve,0.5,0.01,0.02,0.03,1.5,0
guam_cnmi,Fish,0.1,guam_Tumon Bay Marine Preserve,0.5,0.02,0.15625,0.2905,15.0,0
guam_cnmi,Fish,0.2,guam_Tumon Bay Marine Preserve,0.5,0.02,0.15500000000000003,0.28049999999999997,15.0,0
guam_cnmi,Fish,0.3,guam_Tumon Bay Marine Preserve,0.5,0.01,0.02,0.03,1.5,0
guam_cnmi,Fish,0.4,guam_Tumon Bay Marine Preserve,0.5,0.01,0.02,0.03,1.5,0
guam_cnmi,Fish,0.5,guam_Tumon Bay Marine Preserve,0.5,0.01,0.02,0.03,1.5,0
guam_cnmi,Fish,0.6,guam_Tumon Bay Marine Preserve,0.5,0.01,0.02,0.03,1.5,0
guam_cnmi,Fish,0.7,guam_Tumon Bay Marine Preserve,0.5,0.01,0.02,0.03,1.5,0
guam_cnmi,Turbidity,0.0,guam_Tumon Bay Marine Preserve,0.5,0.01,0.02,0.03,1.5,0
guam_cnmi,Turbidity,0.1,guam_Tumon Bay Marine Preserve,0.5,0.01,0.02,0.03,1.5,0
guam_cnmi,Turbidity,0.2,guam_Tumon Bay Marine Preserve,0.5,0.02,0.2,0.2,19.5,0
guam_cnmi,Turbidity,0.3,guam_Tumon Bay Marine Preserve,0.5,0.02,0.2,0.2,19.5,0
guam_cnmi,Turbidity,0.4,guam_Tumon Bay Marine Preserve,0.5,0.02,0.2,0.2,19.5,0
guam_cnmi,Turbidity,0.5,guam_Tumon Bay Marine Preserve,0.5,0.02,0.2,0.2,19.5,0
hawaii,Coral size,5.0,hawaii_Ahihi-Kinau NAR,0.0,0.0,0.0,0.0,0.0,0
hawaii,Coral size,15.0,hawaii_Ahihi-Kinau NAR,0.0,0.0,0.0,0.0,0.0,0
hawaii,Coral size,25.0,hawaii_Ahihi-Kinau NAR,0.0,0.0,0.01,0.05,1.0,0
hawaii,Coral size,35.0,hawaii_Ahihi-Kinau NAR,0.0,0.0,0.01,0.1459999999999996,1.0,0
hawaii,Coral size,45.0,hawaii_Ahihi-Kinau NAR,0.0,0.0,0.02,0.3219999999999999,2.0,0
hawaii,Coral size,55.0,hawaii_Ahihi-Kinau NAR,0.0,0.0,0.02,0.3219999999999999,2.0,0
hawaii,Coral size,65.0,hawaii_Ahihi-Kinau NAR,0.0,0.0,0.02,0.5889999999999994,2.0,0
hawaii,Development,0.0,hawaii_Ahihi-Kinau NAR,0.0,0.0,0.0825,0.88,8.0,0
hawaii,Development,0.1,hawaii_Ahihi-Kinau NAR,0.0,0.0,0.34,0.5319999999999999,34.0,0
hawaii,Development,0.2,hawaii_Ahihi-Kinau NAR,0.0,0.23,0.2875,0.47,29.0,0
hawaii,Development,0.3,hawaii_Ahihi-Kinau NAR,0.0,0.22,0.2875,0.47,29.0,0
hawaii,Development,0.4,hawaii_Ahihi-Kinau NAR,0.0,0.215,0.31,0.47,31.0,0
hawaii,Development,0.5,hawaii_Ahihi-Kinau NAR,0.0,0.215,0.31,0.47,31.0,0
hawaii,Development,0.6,hawaii_Ahihi-Kinau NAR,0.0,0.215,0.285,0.47,29.0,0
hawaii,Development,0.7,hawaii_Ahihi-Kinau NAR,0.0,0.215,0.285,0.47,29.0,0
hawaii,Development,0.8,hawaii_Ahihi-Kinau NAR,0.0,0.215,0.285,0.47,29.0,0
hawaii,Development,0.9,hawaii_Ahihi-Kinau NAR,0.0,0.215,0.285,0.47,29.0,0
hawaii,Development,1.0,hawaii_Ahihi-Kinau NAR,0.0,0.215,0.285,0.47,29.0,0
hawaii,Fish,0.1,hawaii_Ahihi-Kinau NAR,0.0,0.2,0.28,0.47,28.0,0
hawaii,Fish,0.2,hawaii_Ahihi-Kinau NAR,0.0,0.22,0.31,0.47,31.0,0
hawaii,Fish,0.3,hawaii_Ahihi-Kinau NAR,0.0,0.075,0.23,0.47,23.0,0
hawaii,Fish,0.4,hawaii_Ahihi-Kinau NAR,0.0,0.08,0.22,0.23,22.0,0
hawaii,Fish,0.5,hawaii_Ahihi-Kinau NAR,0.0,0.08,0.22,0.23,22.0,0
hawaii,Fish,0.6,hawaii_Ahihi-Kinau NAR,0.0,0.08,0.22,0.23,22.0,0
hawaii,Fish,0.7,hawaii_Ahihi-Kinau NAR,0.0,0.08,0.22,0.23,22.0,0
hawaii,Turbidity,0.0,hawaii_Ahihi-Kinau NAR,0.0,0.08,0.22,0.2939999999999997,22.0,0
hawaii,Turbidity,0.1,hawaii_Ahihi-Kinau NAR,0.0,0.08,0.23,0.23,23.0,0
hawaii,Turbidity,0.2,hawaii_Ahihi-Kinau NAR,0.0,0.08,0.23,0.23,23.0,0
hawaii,Turbidity,0.3,hawaii_Ahihi-Kinau NAR,0.0,0.08,0.23,0.23,23.0,0
hawaii,Turbidity,0.4,hawaii_Ahihi-Kinau NAR,0.0,0.065,0.23,0.23,23.0,0
hawaii,Turbidity,0.5,hawaii_Ahihi-Kinau NAR,0.0,0.065,0.23,0.23,23.0,0
hawaii,Coral size,5.0,hawaii_Haena CBFA,2.0,0.0,0.01,0.03,-1.0,0
hawaii,Coral size,15.0,hawaii_Haena CBFA,2.0,0.0,0.01,0.03,-1.0,0
hawaii,Coral size,25.0,hawaii_Haena CBFA,2.0,0.02,0.03,0.0564999999999999,1.0,0
hawaii,Coral size,35.0,hawaii_Haena CBFA,2.0,0.02,0.03,0.22149999999999992,1.0,0
hawaii,Coral size,45.0,hawaii_Haena CBFA,2.0,0.02,0.03,0.11749999999999955,1.0,0
hawaii,Coral size,55.0,hawaii_Haena CBFA,2.0,0.02,0.03,0.20699999999999985,1.0,0
hawaii,Coral size,65.0,hawaii_Haena CBFA,2.0,0.02,0.50375,0.88,48.5,0
hawaii,Development,0.0,hawaii_Haena CBFA,2.0,0.03,0.875,0.895,85.5,0
hawaii,Development,0.1,hawaii_Haena CBFA,2.0,0.02,0.40125,0.8234999999999998,38.0,0
hawaii,Development,0.2,hawaii_Haena CBFA,2.0,0.14,0.305,0.41,28.5,0
hawaii,Development,0.3,hawaii_Haena CBFA,2.0,0.14,0.3025,0.41,28.0,0
hawaii,Development,0.4,hawaii_Haena CBFA,2.0,0.14250000000000002,0.31,0.41,29.0,0
hawaii,Development,0.5,hawaii_Haena CBFA,2.0,0.14250000000000002,0.315,0.41,29.5,0
hawaii,Development,0.6,hawaii_Haena CBFA,2.0,0.14250000000000002,0.315,0.41,29.5,0
hawaii,Development,0.7,hawaii_Haena CBFA,2.0,0.14,0.315,0.41,29.5,0
hawaii,Development,0.8,hawaii_Haena CBFA,2.0,0.14,0.315,0.41,29.5,0
hawaii,Development,0.9,hawaii_Haena CBFA,2.0,0.14,0.315,0.41,29.5,0
hawaii,Development,1.0,hawaii_Haena CBFA,2.0,0.14,0.315,0.41,29.5,0
hawaii,Fish,0.1,hawaii_Haena CBFA,2.0,0.25,0.31625000000000003,0.41,29.5,0
hawaii,Fish,0.2,hawaii_Haena CBFA,2.0,0.255,0.315,0.4,29.5,0
hawaii,Fish,0.3,hawaii_Haena CBFA,2.0,0.7725,0.83,0.84,81.0,0
hawaii,Fish,0.4,hawaii_Haena CBFA,2.0,0.77,0.83,0.84,81.0,0
hawaii,Fish,0.5,hawaii_Haena CBFA,2.0,0.77,0.83,0.84,81.0,0
hawaii,Fish,0.6,hawaii_Haena CBFA,2.0,0.77,0.83,0.84,81.0,0
hawaii,Fish,0.7,hawaii_Haena CBFA,2.0,0.77,0.83,0.84,81.0,0
hawaii,Turbidity,0.0,hawaii_Haena CBFA,2.0,0.77,0.83,0.84,81.0,0
hawaii,Turbidity,0.1,hawaii_Haena CBFA,2.0,0.77,0.83,0.84,81.0,0
hawaii,Turbidity,0.2,hawaii_Haena CBFA,2.0,0.77,0.83,0.84,81.0,0
hawaii,Turbidity,0.3,hawaii_Haena CBFA,2.0,0.77,0.82,0.83,80.0,0
hawaii,Turbidity,0.4,hawaii_Haena CBFA,2.0,0.77,0.82,0.83,80.0,0
hawaii,Turbidity,0.5,hawaii_Haena CBFA,2.0,0.77,0.82,0.83,80.0,0
hawaii,Coral size,5.0,hawaii_Haena CBFA: Makua Puuhonua,4.0,0.0,0.02,0.04,-2.0,0
hawaii,Coral size,15.0,hawaii_Haena CBFA: Makua Puuhonua,4.0,0.0,0.02,0.04,-2.0,0
hawaii,Coral size,25.0,hawaii_Haena CBFA: Makua Puuhonua,4.0,0.02,0.03,0.03,-1.0,0
hawaii,Coral size,35.0,hawaii_Haena CBFA: Makua Puuhonua,4.0,0.02,0.03,0.03,-1.0,0
hawaii,Coral size,45.0,hawaii_Haena CBFA: Makua Puuhonua,4.0,0.02,0.03,0.03,-1.0,0
hawaii,Coral size,55.0,hawaii_Haena CBFA: Makua Puuhonua,4.0,0.02,0.03,0.0709999999999999,-1.0,0
hawaii,Coral size,65.0,hawaii_Haena CBFA: Makua Puuhonua,4.0,0.02,0.62,0.88,58.0,0
hawaii,Development,0.0,hawaii_Haena CBFA: Makua Puuhonua,4.0,0.03,0.88,0.9,84.0,0
hawaii,Development,0.1,hawaii_Haena CBFA: Makua Puuhonua,4.0,0.02,0.3825,0.8609999999999999,34.0,0
hawaii,Development,0.2,hawaii_Haena CBFA: Makua Puuhonua,4.0,0.05,0.31,0.35,27.0,0
hawaii,Development,0.3,hawaii_Haena CBFA: Makua Puuhonua,4.0,0.05,0.3025,0.35,26.0,0
hawaii,Development,0.4,hawaii_Haena CBFA: Makua Puuhonua,4.0,0.055,0.31,0.35,27.0,0
hawaii,Development,0.5,hawaii_Haena CBFA: Makua Puuhonua,4.0,0.055,0.31,0.35,27.0,0
hawaii,Development,0.6,hawaii_Haena CBFA: Makua Puuhonua,4.0,0.055,0.31,0.35,27.0,0
hawaii,Development,0.7,hawaii_Haena CBFA: Makua Puuhonua,4.0,0.05,0.31,0.35,27.0,0
hawaii,Development,0.8,hawaii_Haena CBFA: Makua Puuhonua,4.0,0.05,0.31,0.35,27.0,0
hawaii,Development,0.9,hawaii_Haena CBFA: Makua Puuhonua,4.0,0.05,0.31,0.35,27.0,0
hawaii,Development,1.0,hawaii_Haena CBFA: Makua Puuhonua,4.0,0.05,0.31,0.35,27.0,0
hawaii,Fish,0.1,hawaii_Haena CBFA: Makua Puuhonua,4.0,0.27,0.32,0.35,28.0,0
hawaii,Fish,0.2,hawaii_Haena CBFA: Makua Puuhonua,4.0,0.27,0.31,0.33,27.0,0
hawaii,Fish,0.3,hawaii_Haena CBFA: Makua Puuhonua,4.0,0.775,0.83,0.84,79.0,0
hawaii,Fish,0.4,hawaii_Haena CBFA: Makua Puuhonua,4.0,0.77,0.83,0.84,79.0,0
hawaii,Fish,0.5,hawaii_Haena CBFA: Makua Puuhonua,4.0,0.77,0.83,0.84,79.0,0
hawaii,Fish,0.6,hawaii_Haena CBFA: Makua Puuhonua,4.0,0.77,0.83,0.84,79.0,0
hawaii,Fish,0.7,hawaii_Haena CBFA: Makua Puuhonua,4.0,0.77,0.83,0.84,79.0,0
hawaii,Turbidity,0.0,hawaii_Haena CBFA: Makua Puuhonua,4.0,0.77,0.83,0.84,79.0,0
hawaii,Turbidity,0.1,hawaii_Haena CBFA: Makua Puuhonua,4.0,0.77,0.83,0.84,79.0,0
hawaii,Turbidity,0.2,hawaii_Haena CBFA: Makua Puuhonua,4.0,0.77,0.83,0.84,79.0,0
hawaii,Turbidity,0.3,hawaii_Haena CBFA: Makua Puuhonua,4.0,0.77,0.82,0.83,78.0,0
hawaii,Turbidity,0.4,hawaii_Haena CBFA: Makua Puuhonua,4.0,0.77,0.82,0.83,78.0,0
hawaii,Turbidity,0.5,hawaii_Haena CBFA: Makua Puuhonua,4.0,0.77,0.82,0.83,78.0,0
hawaii,Coral size,5.0,hawaii_Haena CBFA: Opihi Management Area,4.0,0.0,0.02,0.04,-2.0,0
hawaii,Coral size,15.0,hawaii_Haena CBFA: Opihi Management Area,4.0,0.0,0.02,0.04,-2.0,0
hawaii,Coral size,25.0,hawaii_Haena CBFA: Opihi Management Area,4.0,0.02,0.03,0.03,-1.0,0
hawaii,Coral size,35.0,hawaii_Haena CBFA: Opihi Management Area,4.0,0.02,0.03,0.03,-1.0,0
hawaii,Coral size,45.0,hawaii_Haena CBFA: Opihi Management Area,4.0,0.02,0.03,0.03,-1.0,0
hawaii,Coral size,55.0,hawaii_Haena CBFA: Opihi Management Area,4.0,0.02,0.03,0.0709999999999999,-1.0,0
hawaii,Coral size,65.0,hawaii_Haena CBFA: Opihi Management Area,4.0,0.02,0.62,0.88,58.0,0
hawaii,Development,0.0,hawaii_Haena CBFA: Opihi Management Area,4.0,0.03,0.88,0.9,84.0,0
hawaii,Development,0.1,hawaii_Haena CBFA: Opihi Management Area,4.0,0.02,0.3825,0.8609999999999999,34.0,0
hawaii,Development,0.2,hawaii_Haena CBFA: Opihi Management Area,4.0,0.05,0.31,0.35,27.0,0
hawaii,Development,0.3,hawaii_Haena CBFA: Opihi Management Area,4.0,0.05,0.3025,0.35,26.0,0
hawaii,Development,0.4,hawaii_Haena CBFA: Opihi Management Area,4.0,0.055,0.31,0.35,27.0,0
hawaii,Development,0.5,hawaii_Haena CBFA: Opihi Management Area,4.0,0.055,0.31,0.35,27.0,0
hawaii,Development,0.6,hawaii_Haena CBFA: Opihi Management Area,4.0,0.055,0.31,0.35,27.0,0
hawaii,Development,0.7,hawaii_Haena CBFA: Opihi Management Area,4.0,0.05,0.31,0.35,27.0,0
hawaii,Development,0.8,hawaii_Haena CBFA: Opihi Management Area,4.0,0.05,0.31,0.35,27.0,0
hawaii,Development,0.9,hawaii_Haena CBFA: Opihi Management Area,4.0,0.05,0.31,0.35,27.0,0
hawaii,Development,1.0,hawaii_Haena CBFA: Opihi Management Area,4.0,0.05,0.31,0.35,27.0,0
hawaii,Fish,0.1,hawaii_Haena CBFA: Opihi Management Area,4.0,0.27,0.32,0.35,28.0,0
hawaii,Fish,0.2,hawaii_Haena CBFA: Opihi Management Area,4.0,0.27,0.31,0.33,27.0,0
hawaii,Fish,0.3,hawaii_Haena CBFA: Opihi Management Area,4.0,0.775,0.83,0.84,79.0,0
hawaii,Fish,0.4,hawaii_Haena CBFA: Opihi Management Area,4.0,0.77,0.83,0.84,79.0,0
hawaii,Fish,0.5,hawaii_Haena CBFA: Opihi Management Area,4.0,0.77,0.83,0.84,79.0,0
hawaii,Fish,0.6,hawaii_Haena CBFA: Opihi Management Area,4.0,0.77,0.83,0.84,79.0,0
hawaii,Fish,0.7,hawaii_Haena CBFA: Opihi Management Area,4.0,0.77,0.83,0.84,79.0,0
hawaii,Turbidity,0.0,hawaii_Haena CBFA: Opihi Management Area,4.0,0.77,0.83,0.84,79.0,0
hawaii,Turbidity,0.1,hawaii_Haena CBFA: Opihi Management Area,4.0,0.77,0.83,0.84,79.0,0
hawaii,Turbidity,0.2,hawaii_Haena CBFA: Opihi Management Area,4.0,0.77,0.83,0.84,79.0,0
hawaii,Turbidity,0.3,hawaii_Haena CBFA: Opihi Management Area,4.0,0.77,0.82,0.83,78.0,0
hawaii,Turbidity,0.4,hawaii_Haena CBFA: Opihi Management Area,4.0,0.77,0.82,0.83,78.0,0
hawaii,Turbidity,0.5,hawaii_Haena CBFA: Opihi Management Area,4.0,0.77,0.82,0.83,78.0,0
hawaii,Coral size,5.0,hawaii_Haena CBFA: Vessel Transit Boundary,4.0,0.0,0.02,0.04,-2.0,0
hawaii,Coral size,15.0,hawaii_Haena CBFA: Vessel Transit Boundary,4.0,0.0,0.02,0.04,-2.0,0
hawaii,Coral size,25.0,hawaii_Haena CBFA: Vessel Transit Boundary,4.0,0.02,0.03,0.03,-1.0,0
hawaii,Coral size,35.0,hawaii_Haena CBFA: Vessel Transit Boundary,4.0,0.02,0.03,0.03,-1.0,0
hawaii,Coral size,45.0,hawaii_Haena CBFA: Vessel Transit Boundary,4.0,0.02,0.03,0.03,-1.0,0
hawaii,Coral size,55.0,hawaii_Haena CBFA: Vessel Transit Boundary,4.0,0.02,0.03,0.0709999999999999,-1.0,0
hawaii,Coral size,65.0,hawaii_Haena CBFA: Vessel Transit Boundary,4.0,0.02,0.62,0.88,58.0,0
hawaii,Development,0.0,hawaii_Haena CBFA: Vessel Transit Boundary,4.0,0.03,0.88,0.9,84.0,0
hawaii,Development,0.1,hawaii_Haena CBFA: Vessel Transit Boundary,4.0,0.02,0.3825,0.8609999999999999,34.0,0
hawaii,Development,0.2,hawaii_Haena CBFA: Vessel Transit Boundary,4.0,0.05,0.31,0.35,27.0,0
hawaii,Development,0.3,hawaii_Haena CBFA: Vessel Transit Boundary,4.0,0.05,0.3025,0.35,26.0,0
hawaii,Development,0.4,hawaii_Haena CBFA: Vessel Transit Boundary,4.0,0.055,0.31,0.35,27.0,0
hawaii,Development,0.5,hawaii_Haena CBFA: Vessel Transit Boundary,4.0,0.055,0.31,0.35,27.0,0
hawaii,Development,0.6,hawaii_Haena CBFA: Vessel Transit Boundary,4.0,0.055,0.31,0.35,27.0,0
hawaii,Development,0.7,hawaii_Haena CBFA: Vessel Transit Boundary,4.0,0.05,0.31,0.35,27.0,0
hawaii,Development,0.8,hawaii_Haena CBFA: Vessel Transit Boundary,4.0,0.05,0.31,0.35,27.0,0
hawaii,Development,0.9,hawaii_Haena CBFA: Vessel Transit Boundary,4.0,0.05,0.31,0.35,27.0,0
hawaii,Development,1.0,hawaii_Haena CBFA: Vessel Transit Boundary,4.0,0.05,0.31,0.35,27.0,0
hawaii,Fish,0.1,hawaii_Haena CBFA: Vessel Transit Boundary,4.0,0.27,0.32,0.35,28.0,0
hawaii,Fish,0.2,hawaii_Haena CBFA: Vessel Transit Boundary,4.0,0.27,0.31,0.33,27.0,0
hawaii,Fish,0.3,hawaii_Haena CBFA: Vessel Transit Boundary,4.0,0.775,0.83,0.84,79.0,0
hawaii,Fish,0.4,hawaii_Haena CBFA: Vessel Transit Boundary,4.0,0.77,0.83,0.84,79.0,0
hawaii,Fish,0.5,hawaii_Haena CBFA: Vessel Transit Boundary,4.0,0.77,0.83,0.84,79.0,0
hawaii,Fish,0.6,hawaii_Haena CBFA: Vessel Transit Boundary,4.0,0.77,0.83,0.84,79.0,0
hawaii,Fish,0.7,hawaii_Haena CBFA: Vessel Transit Boundary,4.0,0.77,0.83,0.84,79.0,0
hawaii,Turbidity,0.0,hawaii_Haena CBFA: Vessel Transit Boundary,4.0,0.77,0.83,0.84,79.0,0
hawaii,Turbidity,0.1,hawaii_Haena CBFA: Vessel Transit Boundary,4.0,0.77,0.83,0.84,79.0,0
hawaii,Turbidity,0.2,hawaii_Haena CBFA: Vessel Transit Boundary,4.0,0.77,0.83,0.84,79.0,0
hawaii,Turbidity,0.3,hawaii_Haena CBFA: Vessel Transit Boundary,4.0,0.77,0.82,0.83,78.0,0
hawaii,Turbidity,0.4,hawaii_Haena CBFA: Vessel Transit Boundary,4.0,0.77,0.82,0.83,78.0,0
hawaii,Turbidity,0.5,hawaii_Haena CBFA: Vessel Transit Boundary,4.0,0.77,0.82,0.83,78.0,0
hawaii,Coral size,5.0,hawaii_Hanamalo Pt-Kanewaa Pt NRA,0.0,0.0,0.2,0.2,20.0,0
hawaii,Coral size,15.0,hawaii_Hanamalo Pt-Kanewaa Pt NRA,0.0,0.0,0.0,0.0,0.0,0
hawaii,Coral size,25.0,hawaii_Hanamalo Pt-Kanewaa Pt NRA,0.0,0.0,0.0,0.0,0.0,0
hawaii,Coral size,35.0,hawaii_Hanamalo Pt-Kanewaa Pt NRA,0.0,0.0,0.0,0.0,0.0,0
hawaii,Coral size,45.0,hawaii_Hanamalo Pt-Kanewaa Pt NRA,0.0,0.0,0.0,0.0,0.0,0
hawaii,Coral size,55.0,hawaii_Hanamalo Pt-Kanewaa Pt NRA,0.0,0.0,0.0,0.0,0.0,0
hawaii,Coral size,65.0,hawaii_Hanamalo Pt-Kanewaa Pt NRA,0.0,0.0,0.02,0.05,2.0,0
hawaii,Development,0.0,hawaii_Hanamalo Pt-Kanewaa Pt NRA,0.0,0.0,0.02,0.05,2.0,0
hawaii,Development,0.1,hawaii_Hanamalo Pt-Kanewaa Pt NRA,0.0,0.01,0.02,0.04,2.0,0
hawaii,Development,0.2,hawaii_Hanamalo Pt-Kanewaa Pt NRA,0.0,0.01,0.02,0.04,2.0,0
hawaii,Development,0.3,hawaii_Hanamalo Pt-Kanewaa Pt NRA,0.0,0.01,0.02,0.04,2.0,0
hawaii,Development,0.4,hawaii_Hanamalo Pt-Kanewaa Pt NRA,0.0,0.01,0.02,0.04,2.0,0
hawaii,Development,0.5,hawaii_Hanamalo Pt-Kanewaa Pt NRA,0.0,0.01,0.02,0.04,2.0,0
hawaii,Development,0.6,hawaii_Hanamalo Pt-Kanewaa Pt NRA,0.0,0.01,0.02,0.04,2.0,0
hawaii,Development,0.7,hawaii_Hanamalo Pt-Kanewaa Pt NRA,0.0,0.01,0.02,0.04,2.0,0
hawaii,Development,0.8,hawaii_Hanamalo Pt-Kanewaa Pt NRA,0.0,0.01,0.02,0.04,2.0,0
hawaii,Development,0.9,hawaii_Hanamalo Pt-Kanewaa Pt NRA,0.0,0.01,0.02,0.04,2.0,0
hawaii,Development,1.0,hawaii_Hanamalo Pt-Kanewaa Pt NRA,0.0,0.01,0.02,0.04,2.0,0
hawaii,Fish,0.1,hawaii_Hanamalo Pt-Kanewaa Pt NRA,0.0,0.02,0.05,0.2519999999999999,5.0,0
hawaii,Fish,0.2,hawaii_Hanamalo Pt-Kanewaa Pt NRA,0.0,0.02,0.04625,0.2519999999999999,4.5,0
hawaii,Fish,0.3,hawaii_Hanamalo Pt-Kanewaa Pt NRA,0.0,0.01,0.02,0.04,2.0,0
hawaii,Fish,0.4,hawaii_Hanamalo Pt-Kanewaa Pt NRA,0.0,0.01,0.02,0.04,2.0,0
hawaii,Fish,0.5,hawaii_Hanamalo Pt-Kanewaa Pt NRA,0.0,0.01,0.02,0.04,2.0,0
hawaii,Fish,0.6,hawaii_Hanamalo Pt-Kanewaa Pt NRA,0.0,0.01,0.02,0.04,2.0,0
hawaii,Fish,0.7,hawaii_Hanamalo Pt-Kanewaa Pt NRA,0.0,0.01,0.02,0.04,2.0,0
hawaii,Turbidity,0.0,hawaii_Hanamalo Pt-Kanewaa Pt NRA,0.0,0.01,0.02,0.04,2.0,0
hawaii,Turbidity,0.1,hawaii_Hanamalo Pt-Kanewaa Pt NRA,0.0,0.01,0.02,0.04049999999999995,2.0,0
hawaii,Turbidity,0.2,hawaii_Hanamalo Pt-Kanewaa Pt NRA,0.0,0.02,0.2,0.2,20.0,0
hawaii,Turbidity,0.3,hawaii_Hanamalo Pt-Kanewaa Pt NRA,0.0,0.02,0.2,0.2,20.0,0
hawaii,Turbidity,0.4,hawaii_Hanamalo Pt-Kanewaa Pt NRA,0.0,0.02,0.2,0.2,20.0,0
hawaii,Turbidity,0.5,hawaii_Hanamalo Pt-Kanewaa Pt NRA,0.0,0.02,0.2,0.2,20.0,0
hawaii,Coral size,5.0,hawaii_Hanamaulu Bay & Ahukini Recreational Pier FMA: Zone 1,1.0,0.0,0.0,0.0109999999999999,-1.0,0
hawaii,Coral size,15.0,hawaii_Hanamaulu Bay & Ahukini Recreational Pier FMA: Zone 1,1.0,0.0,0.0,0.02,-1.0,0
hawaii,Coral size,25.0,hawaii_Hanamaulu Bay & Ahukini Recreational Pier FMA: Zone 1,1.0,0.01,0.02,0.0419999999999998,1.0,0
hawaii,Coral size,35.0,hawaii_Hanamaulu Bay & Ahukini Recreational Pier FMA: Zone 1,1.0,0.0,0.02,0.0419999999999998,1.0,0
hawaii,Coral size,45.0,hawaii_Hanamaulu Bay & Ahukini Recreational Pier FMA: Zone 1,1.0,0.0,0.02,0.0409999999999999,1.0,0
hawaii,Coral size,55.0,hawaii_Hanamaulu Bay & Ahukini Recreational Pier FMA: Zone 1,1.0,0.0,0.02,0.08,1.0,0
hawaii,Coral size,65.0,hawaii_Hanamaulu Bay & Ahukini Recreational Pier FMA: Zone 1,1.0,0.01,0.14,0.87,13.0,0
hawaii,Development,0.0,hawaii_Hanamaulu Bay & Ahukini Recreational Pier FMA: Zone 1,1.0,0.02,0.8425,0.89,83.0,0
hawaii,Development,0.1,hawaii_Hanamaulu Bay & Ahukini Recreational Pier FMA: Zone 1,1.0,0.01,0.14,0.87,13.0,0
hawaii,Development,0.2,hawaii_Hanamaulu Bay & Ahukini Recreational Pier FMA: Zone 1,1.0,0.03,0.27,0.3109999999999999,26.0,0
hawaii,Development,0.3,hawaii_Hanamaulu Bay & Ahukini Recreational Pier FMA: Zone 1,1.0,0.03,0.27,0.32,26.0,0
hawaii,Development,0.4,hawaii_Hanamaulu Bay & Ahukini Recreational Pier FMA: Zone 1,1.0,0.03,0.27,0.3209999999999999,26.0,0
hawaii,Development,0.5,hawaii_Hanamaulu Bay & Ahukini Recreational Pier FMA: Zone 1,1.0,0.03,0.27,0.32,26.0,0
hawaii,Development,0.6,hawaii_Hanamaulu Bay & Ahukini Recreational Pier FMA: Zone 1,1.0,0.03,0.2525,0.32,24.0,0
hawaii,Development,0.7,hawaii_Hanamaulu Bay & Ahukini Recreational Pier FMA: Zone 1,1.0,0.03,0.25,0.32,24.0,0
hawaii,Development,0.8,hawaii_Hanamaulu Bay & Ahukini Recreational Pier FMA: Zone 1,1.0,0.03,0.25,0.32,24.0,0
hawaii,Development,0.9,hawaii_Hanamaulu Bay & Ahukini Recreational Pier FMA: Zone 1,1.0,0.03,0.25,0.32,24.0,0
hawaii,Development,1.0,hawaii_Hanamaulu Bay & Ahukini Recreational Pier FMA: Zone 1,1.0,0.03,0.25,0.32,24.0,0
hawaii,Fish,0.1,hawaii_Hanamaulu Bay & Ahukini Recreational Pier FMA: Zone 1,1.0,0.26,0.28,0.33,27.0,0
hawaii,Fish,0.2,hawaii_Hanamaulu Bay & Ahukini Recreational Pier FMA: Zone 1,1.0,0.26,0.28,0.32,27.0,0
hawaii,Fish,0.3,hawaii_Hanamaulu Bay & Ahukini Recreational Pier FMA: Zone 1,1.0,0.77,0.83,0.85,82.0,0
hawaii,Fish,0.4,hawaii_Hanamaulu Bay & Ahukini Recreational Pier FMA: Zone 1,1.0,0.77,0.83,0.85,82.0,0
hawaii,Fish,0.5,hawaii_Hanamaulu Bay & Ahukini Recreational Pier FMA: Zone 1,1.0,0.77,0.83,0.85,82.0,0
hawaii,Fish,0.6,hawaii_Hanamaulu Bay & Ahukini Recreational Pier FMA: Zone 1,1.0,0.77,0.83,0.85,82.0,0
hawaii,Fish,0.7,hawaii_Hanamaulu Bay & Ahukini Recreational Pier FMA: Zone 1,1.0,0.77,0.83,0.85,82.0,0
hawaii,Turbidity,0.0,hawaii_Hanamaulu Bay & Ahukini Recreational Pier FMA: Zone 1,1.0,0.77,0.83,0.85,82.0,0
hawaii,Turbidity,0.1,hawaii_Hanamaulu Bay & Ahukini Recreational Pier FMA: Zone 1,1.0,0.77,0.83,0.85,82.0,0
hawaii,Turbidity,0.2,hawaii_Hanamaulu Bay & Ahukini Recreational Pier FMA: Zone 1,1.0,0.77,0.83,0.85,82.0,0
hawaii,Turbidity,0.3,hawaii_Hanamaulu Bay & Ahukini Recreational Pier FMA: Zone 1,1.0,0.77,0.83,0.84,82.0,0
hawaii,Turbidity,0.4,hawaii_Hanamaulu Bay & Ahukini Recreational Pier FMA: Zone 1,1.0,0.77,0.83,0.84,82.0,0
hawaii,Turbidity,0.5,hawaii_Hanamaulu Bay & Ahukini Recreational Pier FMA: Zone 1,1.0,0.77,0.83,0.84,82.0,0
hawaii,Coral size,5.0,hawaii_Hanamaulu Bay & Ahukini Recreational Pier FMA: Zone 2,1.0,0.0,0.0,0.0109999999999999,-1.0,0
hawaii,Coral size,15.0,hawaii_Hanamaulu Bay & Ahukini Recreational Pier FMA: Zone 2,1.0,0.0,0.0,0.02,-1.0,0
hawaii,Coral size,25.0,hawaii_Hanamaulu Bay & Ahukini Recreational Pier FMA: Zone 2,1.0,0.01,0.02,0.0419999999999998,1.0,0
hawaii,Coral size,35.0,hawaii_Hanamaulu Bay & Ahukini Recreational Pier FMA: Zone 2,1.0,0.0,0.02,0.0419999999999998,1.0,0
hawaii,Coral size,45.0,hawaii_Hanamaulu Bay & Ahukini Recreational Pier FMA: Zone 2,1.0,0.0,0.02,0.0409999999999999,1.0,0
hawaii,Coral size,55.0,hawaii_Hanamaulu Bay & Ahukini Recreational Pier FMA: Zone 2,1.0,0.0,0.02,0.08,1.0,0
hawaii,Coral size,65.0,hawaii_Hanamaulu Bay & Ahukini Recreational Pier FMA: Zone 2,1.0,0.01,0.14,0.87,13.0,0
hawaii,Development,0.0,hawaii_Hanamaulu Bay & Ahukini Recreational Pier FMA: Zone 2,1.0,0.02,0.8425,0.89,83.0,0
hawaii,Development,0.1,hawaii_Hanamaulu Bay & Ahukini Recreational Pier FMA: Zone 2,1.0,0.01,0.14,0.87,13.0,0
hawaii,Development,0.2,hawaii_Hanamaulu Bay & Ahukini Recreational Pier FMA: Zone 2,1.0,0.03,0.27,0.3109999999999999,26.0,0
hawaii,Development,0.3,hawaii_Hanamaulu Bay & Ahukini Recreational Pier FMA: Zone 2,1.0,0.03,0.27,0.32,26.0,0
hawaii,Development,0.4,hawaii_Hanamaulu Bay & Ahukini Recreational Pier FMA: Zone 2,1.0,0.03,0.27,0.3209999999999999,26.0,0
hawaii,Development,0.5,hawaii_Hanamaulu Bay & Ahukini Recreational Pier FMA: Zone 2,1.0,0.03,0.27,0.32,26.0,0
hawaii,Development,0.6,hawaii_Hanamaulu Bay & Ahukini Recreational Pier FMA: Zone 2,1.0,0.03,0.2525,0.32,24.0,0
hawaii,Development,0.7,hawaii_Hanamaulu Bay & Ahukini Recreational Pier FMA: Zone 2,1.0,0.03,0.25,0.32,24.0,0
hawaii,Development,0.8,hawaii_Hanamaulu Bay & Ahukini Recreational Pier FMA: Zone 2,1.0,0.03,0.25,0.32,24.0,0
hawaii,Development,0.9,hawaii_Hanamaulu Bay & Ahukini Recreational Pier FMA: Zone 2,1.0,0.03,0.25,0.32,24.0,0
hawaii,Development,1.0,hawaii_Hanamaulu Bay & Ahukini Recreational Pier FMA: Zone 2,1.0,0.03,0.25,0.32,24.0,0
hawaii,Fish,0.1,hawaii_Hanamaulu Bay & Ahukini Recreational Pier FMA: Zone 2,1.0,0.26,0.28,0.33,27.0,0
hawaii,Fish,0.2,hawaii_Hanamaulu Bay & Ahukini Recreational Pier FMA: Zone 2,1.0,0.26,0.28,0.32,27.0,0
hawaii,Fish,0.3,hawaii_Hanamaulu Bay & Ahukini Recreational Pier FMA: Zone 2,1.0,0.77,0.83,0.85,82.0,0
hawaii,Fish,0.4,hawaii_Hanamaulu Bay & Ahukini Recreational Pier FMA: Zone 2,1.0,0.77,0.83,0.85,82.0,0
hawaii,Fish,0.5,hawaii_Hanamaulu Bay & Ahukini Recreational Pier FMA: Zone 2,1.0,0.77,0.83,0.85,82.0,0
hawaii,Fish,0.6,hawaii_Hanamaulu Bay & Ahukini Recreational Pier FMA: Zone 2,1.0,0.77,0.83,0.85,82.0,0
hawaii,Fish,0.7,hawaii_Hanamaulu Bay & Ahukini Recreational Pier FMA: Zone 2,1.0,0.77,0.83,0.85,82.0,0
hawaii,Turbidity,0.0,hawaii_Hanamaulu Bay & Ahukini Recreational Pier FMA: Zone 2,1.0,0.77,0.83,0.85,82.0,0
hawaii,Turbidity,0.1,hawaii_Hanamaulu Bay & Ahukini Recreational Pier FMA: Zone 2,1.0,0.77,0.83,0.85,82.0,0
hawaii,Turbidity,0.2,hawaii_Hanamaulu Bay & Ahukini Recreational Pier FMA: Zone 2,1.0,0.77,0.83,0.85,82.0,0
hawaii,Turbidity,0.3,hawaii_Hanamaulu Bay & Ahukini Recreational Pier FMA: Zone 2,1.0,0.77,0.83,0.84,82.0,0
hawaii,Turbidity,0.4,hawaii_Hanamaulu Bay & Ahukini Recreational Pier FMA: Zone 2,1.0,0.77,0.83,0.84,82.0,0
hawaii,Turbidity,0.5,hawaii_Hanamaulu Bay & Ahukini Recreational Pier FMA: Zone 2,1.0,0.77,0.83,0.84,82.0,0
hawaii,Coral size,5.0,hawaii_Hanauma Bay MLCD,0.0,0.0,0.0,0.0209999999999999,0.0,0
hawaii,Coral size,15.0,hawaii_Hanauma Bay MLCD,0.0,0.0,0.0,0.02,0.0,0
hawaii,Coral size,25.0,hawaii_Hanauma Bay MLCD,0.0,0.0,0.02,0.1629999999999987,2.0,0
hawaii,Coral size,35.0,hawaii_Hanauma Bay MLCD,0.0,0.0,0.02,0.3709999999999999,2.0,0
hawaii,Coral size,45.0,hawaii_Hanauma Bay MLCD,0.0,0.0,0.03,0.4309999999999999,3.0,0
hawaii,Coral size,55.0,hawaii_Hanauma Bay MLCD,0.0,0.0,0.0225,0.42,2.0,0
hawaii,Coral size,65.0,hawaii_Hanauma Bay MLCD,0.0,0.0,0.0625,0.6429999999999998,6.0,0
hawaii,Development,0.0,hawaii_Hanauma Bay MLCD,0.0,0.0,0.34,0.8329999999999997,34.0,0
hawaii,Development,0.1,hawaii_Hanauma Bay MLCD,0.0,0.01,0.37,0.5509999999999999,37.0,0
hawaii,Development,0.2,hawaii_Hanauma Bay MLCD,0.0,0.22,0.3675,0.48,37.0,0
hawaii,Development,0.3,hawaii_Hanauma Bay MLCD,0.0,0.22,0.3525,0.48,35.0,0
hawaii,Development,0.4,hawaii_Hanauma Bay MLCD,0.0,0.22,0.3525,0.48,35.0,0
hawaii,Development,0.5,hawaii_Hanauma Bay MLCD,0.0,0.22,0.34,0.48,34.0,0
hawaii,Development,0.6,hawaii_Hanauma Bay MLCD,0.0,0.22,0.3325,0.48,33.0,0
hawaii,Development,0.7,hawaii_Hanauma Bay MLCD,0.0,0.22,0.33,0.48,33.0,0
hawaii,Development,0.8,hawaii_Hanauma Bay MLCD,0.0,0.22,0.33,0.48,33.0,0
hawaii,Development,0.9,hawaii_Hanauma Bay MLCD,0.0,0.22,0.33,0.48,33.0,0
hawaii,Development,1.0,hawaii_Hanauma Bay MLCD,0.0,0.22,0.33,0.48,33.0,0
hawaii,Fish,0.1,hawaii_Hanauma Bay MLCD,0.0,0.13,0.3125,0.47,31.0,0
hawaii,Fish,0.2,hawaii_Hanauma Bay MLCD,0.0,0.215,0.32,0.4709999999999999,32.0,0
hawaii,Fish,0.3,hawaii_Hanauma Bay MLCD,0.0,0.61,0.83,0.85,83.0,0
hawaii,Fish,0.4,hawaii_Hanauma Bay MLCD,0.0,0.61,0.83,0.85,83.0,0
hawaii,Fish,0.5,hawaii_Hanauma Bay MLCD,0.0,0.61,0.83,0.85,83.0,0
hawaii,Fish,0.6,hawaii_Hanauma Bay MLCD,0.0,0.61,0.83,0.85,83.0,0
hawaii,Fish,0.7,hawaii_Hanauma Bay MLCD,0.0,0.61,0.83,0.85,83.0,0
hawaii,Turbidity,0.0,hawaii_Hanauma Bay MLCD,0.0,0.61,0.83,0.85,83.0,0
hawaii,Turbidity,0.1,hawaii_Hanauma Bay MLCD,0.0,0.335,0.83,0.85,83.0,0
hawaii,Turbidity,0.2,hawaii_Hanauma Bay MLCD,0.0,0.335,0.83,0.85,83.0,0
hawaii,Turbidity,0.3,hawaii_Hanauma Bay MLCD,0.0,0.335,0.83,0.84,83.0,0
hawaii,Turbidity,0.4,hawaii_Hanauma Bay MLCD,0.0,0.335,0.83,0.84,83.0,0
hawaii,Turbidity,0.5,hawaii_Hanauma Bay MLCD,0.0,0.335,0.83,0.84,83.0,0
hawaii,Coral size,5.0,"hawaii_Hilo Harbor, Wailoa River & Wailuku River",5.0,0.02,0.04,0.06,-1.0,0
hawaii,Coral size,15.0,"hawaii_Hilo Harbor, Wailoa River & Wailuku River",5.0,0.03,0.05,0.07,0.0,0
hawaii,Coral size,25.0,"hawaii_Hilo Harbor, Wailoa River & Wailuku River",5.0,0.07,0.35,0.45,30.0,0
hawaii,Coral size,35.0,"hawaii_Hilo Harbor, Wailoa River & Wailuku River",5.0,0.25,0.3025,0.35,25.0,0
hawaii,Coral size,45.0,"hawaii_Hilo Harbor, Wailoa River & Wailuku River",5.0,0.26,0.31,0.35,26.0,0
hawaii,Coral size,55.0,"hawaii_Hilo Harbor, Wailoa River & Wailuku River",5.0,0.26,0.31,0.35,26.0,0
hawaii,Coral size,65.0,"hawaii_Hilo Harbor, Wailoa River & Wailuku River",5.0,0.26,0.31,0.35,26.0,0
hawaii,Development,0.0,"hawaii_Hilo Harbor, Wailoa River & Wailuku River",5.0,0.89,0.9,0.93,85.0,0
hawaii,Development,0.1,"hawaii_Hilo Harbor, Wailoa River & Wailuku River",5.0,0.65,0.89,0.9,84.0,0
hawaii,Development,0.2,"hawaii_Hilo Harbor, Wailoa River & Wailuku River",5.0,0.32,0.35,0.3509999999999999,30.0,0
hawaii,Development,0.3,"hawaii_Hilo Harbor, Wailoa River & Wailuku River",5.0,0.32,0.35,0.35,30.0,0
hawaii,Development,0.4,"hawaii_Hilo Harbor, Wailoa River & Wailuku River",5.0,0.32,0.35,0.35,30.0,0
hawaii,Development,0.5,"hawaii_Hilo Harbor, Wailoa River & Wailuku River",5.0,0.32,0.35,0.35,30.0,0
hawaii,Development,0.6,"hawaii_Hilo Harbor, Wailoa River & Wailuku River",5.0,0.26,0.31,0.35,26.0,0
hawaii,Development,0.7,"hawaii_Hilo Harbor, Wailoa River & Wailuku River",5.0,0.26,0.31,0.35,26.0,0
hawaii,Development,0.8,"hawaii_Hilo Harbor, Wailoa River & Wailuku River",5.0,0.26,0.31,0.35,26.0,0
hawaii,Development,0.9,"hawaii_Hilo Harbor, Wailoa River & Wailuku River",5.0,0.26,0.31,0.35,26.0,0
hawaii,Development,1.0,"hawaii_Hilo Harbor, Wailoa River & Wailuku River",5.0,0.26,0.31,0.35,26.0,0
hawaii,Fish,0.1,"hawaii_Hilo Harbor, Wailoa River & Wailuku River",5.0,0.25,0.2725,0.35,22.0,0
hawaii,Fish,0.2,"hawaii_Hilo Harbor, Wailoa River & Wailuku River",5.0,0.26,0.31,0.35,26.0,0
hawaii,Fish,0.3,"hawaii_Hilo Harbor, Wailoa River & Wailuku River",5.0,0.35,0.83,0.85,78.0,0
hawaii,Fish,0.4,"hawaii_Hilo Harbor, Wailoa River & Wailuku River",5.0,0.275,0.83,0.85,78.0,0
hawaii,Fish,0.5,"hawaii_Hilo Harbor, Wailoa River & Wailuku River",5.0,0.275,0.83,0.85,78.0,0
hawaii,Fish,0.6,"hawaii_Hilo Harbor, Wailoa River & Wailuku River",5.0,0.275,0.83,0.85,78.0,0
hawaii,Fish,0.7,"hawaii_Hilo Harbor, Wailoa River & Wailuku River",5.0,0.275,0.83,0.85,78.0,0
hawaii,Turbidity,0.0,"hawaii_Hilo Harbor, Wailoa River & Wailuku River",5.0,0.59,0.83,0.85,78.0,0
hawaii,Turbidity,0.1,"hawaii_Hilo Harbor, Wailoa River & Wailuku River",5.0,0.275,0.83,0.85,78.0,0
hawaii,Turbidity,0.2,"hawaii_Hilo Harbor, Wailoa River & Wailuku River",5.0,0.28,0.83,0.85,78.0,0
hawaii,Turbidity,0.3,"hawaii_Hilo Harbor, Wailoa River & Wailuku River",5.0,0.275,0.83,0.85,78.0,0
hawaii,Turbidity,0.4,"hawaii_Hilo Harbor, Wailoa River & Wailuku River",5.0,0.275,0.83,0.85,78.0,0
hawaii,Turbidity,0.5,"hawaii_Hilo Harbor, Wailoa River & Wailuku River",5.0,0.275,0.83,0.85,78.0,0
hawaii,Coral size,5.0,hawaii_Honolua-Mokuleia Bay MLCD,0.0,0.0,0.0,0.0,0.0,0
hawaii,Coral size,15.0,hawaii_Honolua-Mokuleia Bay MLCD,0.0,0.0,0.0,0.0,0.0,0
hawaii,Coral size,25.0,hawaii_Honolua-Mokuleia Bay MLCD,0.0,0.28,0.5025,0.6009999999999999,50.0,0
hawaii,Coral size,35.0,hawaii_Honolua-Mokuleia Bay MLCD,0.0,0.38,0.48,0.57,48.0,0
hawaii,Coral size,45.0,hawaii_Honolua-Mokuleia Bay MLCD,0.0,0.39,0.49,0.6429999999999998,49.0,0
hawaii,Coral size,55.0,hawaii_Honolua-Mokuleia Bay MLCD,0.0,0.39,0.51,0.6919999999999998,51.0,0
hawaii,Coral size,65.0,hawaii_Honolua-Mokuleia Bay MLCD,0.0,0.39,0.6725000000000001,0.88,67.0,0
hawaii,Development,0.0,hawaii_Honolua-Mokuleia Bay MLCD,0.0,0.68,0.8725,0.89,87.0,0
hawaii,Development,0.1,hawaii_Honolua-Mokuleia Bay MLCD,0.0,0.37,0.6225,0.88,62.0,0
hawaii,Development,0.2,hawaii_Honolua-Mokuleia Bay MLCD,0.0,0.3,0.32,0.35,32.0,0
hawaii,Development,0.3,hawaii_Honolua-Mokuleia Bay MLCD,0.0,0.3,0.32,0.3409999999999999,32.0,0
hawaii,Development,0.4,hawaii_Honolua-Mokuleia Bay MLCD,0.0,0.3,0.32,0.3409999999999999,32.0,0
hawaii,Development,0.5,hawaii_Honolua-Mokuleia Bay MLCD,0.0,0.3,0.32,0.34,32.0,0
hawaii,Development,0.6,hawaii_Honolua-Mokuleia Bay MLCD,0.0,0.26,0.28,0.3309999999999999,28.0,0
hawaii,Development,0.7,hawaii_Honolua-Mokuleia Bay MLCD,0.0,0.26,0.28,0.3309999999999999,28.0,0
hawaii,Development,0.8,hawaii_Honolua-Mokuleia Bay MLCD,0.0,0.26,0.28,0.3309999999999999,28.0,0
hawaii,Development,0.9,hawaii_Honolua-Mokuleia Bay MLCD,0.0,0.26,0.28,0.3309999999999999,28.0,0
hawaii,Development,1.0,hawaii_Honolua-Mokuleia Bay MLCD,0.0,0.26,0.28,0.3309999999999999,28.0,0
hawaii,Fish,0.1,hawaii_Honolua-Mokuleia Bay MLCD,0.0,0.26,0.28,0.34,28.0,0
hawaii,Fish,0.2,hawaii_Honolua-Mokuleia Bay MLCD,0.0,0.26,0.28,0.33,28.0,0
hawaii,Fish,0.3,hawaii_Honolua-Mokuleia Bay MLCD,0.0,0.77,0.83,0.85,83.0,0
hawaii,Fish,0.4,hawaii_Honolua-Mokuleia Bay MLCD,0.0,0.765,0.83,0.85,83.0,0
hawaii,Fish,0.5,hawaii_Honolua-Mokuleia Bay MLCD,0.0,0.765,0.83,0.85,83.0,0
hawaii,Fish,0.6,hawaii_Honolua-Mokuleia Bay MLCD,0.0,0.765,0.83,0.85,83.0,0
hawaii,Fish,0.7,hawaii_Honolua-Mokuleia Bay MLCD,0.0,0.765,0.83,0.85,83.0,0
hawaii,Turbidity,0.0,hawaii_Honolua-Mokuleia Bay MLCD,0.0,0.765,0.83,0.85,83.0,0
hawaii,Turbidity,0.1,hawaii_Honolua-Mokuleia Bay MLCD,0.0,0.765,0.83,0.85,83.0,0
hawaii,Turbidity,0.2,hawaii_Honolua-Mokuleia Bay MLCD,0.0,0.765,0.83,0.85,83.0,0
hawaii,Turbidity,0.3,hawaii_Honolua-Mokuleia Bay MLCD,0.0,0.765,0.83,0.84,83.0,0
hawaii,Turbidity,0.4,hawaii_Honolua-Mokuleia Bay MLCD,0.0,0.765,0.83,0.84,83.0,0
hawaii,Turbidity,0.5,hawaii_Honolua-Mokuleia Bay MLCD,0.0,0.765,0.83,0.84,83.0,0
hawaii,Coral size,5.0,hawaii_Honolulu Harbor,0.0,0.0,0.0,0.0,0.0,0
hawaii,Coral size,15.0,hawaii_Honolulu Harbor,0.0,0.0,0.0,0.0,0.0,0
hawaii,Coral size,25.0,hawaii_Honolulu Harbor,0.0,0.0,0.01,0.0309999999999999,1.0,0
hawaii,Coral size,35.0,hawaii_Honolulu Harbor,0.0,0.0,0.01,0.0519999999999998,1.0,0
hawaii,Coral size,45.0,hawaii_Honolulu Harbor,0.0,0.0,0.01,0.0719999999999999,1.0,0
hawaii,Coral size,55.0,hawaii_Honolulu Harbor,0.0,0.0,0.01,0.09,1.0,0
hawaii,Coral size,65.0,hawaii_Honolulu Harbor,0.0,0.0,0.02,0.68,2.0,0
hawaii,Development,0.0,hawaii_Honolulu Harbor,0.0,0.01,0.41,0.89,41.0,0
hawaii,Development,0.1,hawaii_Honolulu Harbor,0.0,0.0,0.08,0.5889999999999994,8.0,0
hawaii,Development,0.2,hawaii_Honolulu Harbor,0.0,0.03,0.2025,0.3209999999999999,20.0,0
hawaii,Development,0.3,hawaii_Honolulu Harbor,0.0,0.03,0.21,0.33,21.0,0
hawaii,Development,0.4,hawaii_Honolulu Harbor,0.0,0.03,0.2025,0.33,20.0,0
hawaii,Development,0.5,hawaii_Honolulu Harbor,0.0,0.03,0.21,0.33,21.0,0
hawaii,Development,0.6,hawaii_Honolulu Harbor,0.0,0.03,0.21,0.33,21.0,0
hawaii,Development,0.7,hawaii_Honolulu Harbor,0.0,0.03,0.2025,0.3209999999999999,20.0,0
hawaii,Development,0.8,hawaii_Honolulu Harbor,0.0,0.03,0.2025,0.3209999999999999,20.0,0
hawaii,Development,0.9,hawaii_Honolulu Harbor,0.0,0.03,0.2025,0.3209999999999999,20.0,0
hawaii,Development,1.0,hawaii_Honolulu Harbor,0.0,0.03,0.2025,0.3209999999999999,20.0,0
hawaii,Fish,0.1,hawaii_Honolulu Harbor,0.0,0.23,0.32,0.47,32.0,0
hawaii,Fish,0.2,hawaii_Honolulu Harbor,0.0,0.23,0.32,0.47,32.0,0
hawaii,Fish,0.3,hawaii_Honolulu Harbor,0.0,0.075,0.23,0.47,23.0,0
hawaii,Fish,0.4,hawaii_Honolulu Harbor,0.0,0.08,0.23,0.23,23.0,0
hawaii,Fish,0.5,hawaii_Honolulu Harbor,0.0,0.08,0.23,0.23,23.0,0
hawaii,Fish,0.6,hawaii_Honolulu Harbor,0.0,0.08,0.23,0.23,23.0,0
hawaii,Fish,0.7,hawaii_Honolulu Harbor,0.0,0.08,0.23,0.23,23.0,0
hawaii,Turbidity,0.0,hawaii_Honolulu Harbor,0.0,0.08,0.23,0.33,23.0,0
hawaii,Turbidity,0.1,hawaii_Honolulu Harbor,0.0,0.08,0.23,0.23,23.0,0
hawaii,Turbidity,0.2,hawaii_Honolulu Harbor,0.0,0.08,0.23,0.23,23.0,0
hawaii,Turbidity,0.3,hawaii_Honolulu Harbor,0.0,0.08,0.23,0.23,23.0,0
hawaii,Turbidity,0.4,hawaii_Honolulu Harbor,0.0,0.065,0.23,0.23,23.0,0
hawaii,Turbidity,0.5,hawaii_Honolulu Harbor,0.0,0.065,0.23,0.23,23.0,0
hawaii,Coral size,5.0,hawaii_Hookena FRA,0.0,0.0,0.2,0.2,20.0,0
hawaii,Coral size,15.0,hawaii_Hookena FRA,0.0,0.0,0.0,0.0,0.0,0
hawaii,Coral size,25.0,hawaii_Hookena FRA,0.0,0.0,0.0,0.0,0.0,0
hawaii,Coral size,35.0,hawaii_Hookena FRA,0.0,0.0,0.0,0.0,0.0,0
hawaii,Coral size,45.0,hawaii_Hookena FRA,0.0,0.0,0.0,0.0,0.0,0
hawaii,Coral size,55.0,hawaii_Hookena FRA,0.0,0.0,0.0,0.0,0.0,0
hawaii,Coral size,65.0,hawaii_Hookena FRA,0.0,0.0,0.02,0.05,2.0,0
hawaii,Development,0.0,hawaii_Hookena FRA,0.0,0.01,0.02,0.05,2.0,0
hawaii,Development,0.1,hawaii_Hookena FRA,0.0,0.01,0.02,0.05,2.0,0
hawaii,Development,0.2,hawaii_Hookena FRA,0.0,0.01,0.02,0.05,2.0,0
hawaii,Development,0.3,hawaii_Hookena FRA,0.0,0.01,0.02,0.05,2.0,0
hawaii,Development,0.4,hawaii_Hookena FRA,0.0,0.01,0.02,0.05,2.0,0
hawaii,Development,0.5,hawaii_Hookena FRA,0.0,0.01,0.02,0.05,2.0,0
hawaii,Development,0.6,hawaii_Hookena FRA,0.0,0.01,0.02,0.05,2.0,0
hawaii,Development,0.7,hawaii_Hookena FRA,0.0,0.01,0.02,0.05,2.0,0
hawaii,Development,0.8,hawaii_Hookena FRA,0.0,0.01,0.02,0.05,2.0,0
hawaii,Development,0.9,hawaii_Hookena FRA,0.0,0.01,0.02,0.05,2.0,0
hawaii,Development,1.0,hawaii_Hookena FRA,0.0,0.01,0.02,0.05,2.0,0
hawaii,Fish,0.1,hawaii_Hookena FRA,0.0,0.02,0.05,0.2519999999999999,5.0,0
hawaii,Fish,0.2,hawaii_Hookena FRA,0.0,0.02,0.05,0.2519999999999999,5.0,0
hawaii,Fish,0.3,hawaii_Hookena FRA,0.0,0.01,0.02,0.05,2.0,0
hawaii,Fish,0.4,hawaii_Hookena FRA,0.0,0.01,0.02,0.05,2.0,0
hawaii,Fish,0.5,hawaii_Hookena FRA,0.0,0.01,0.02,0.05,2.0,0
hawaii,Fish,0.6,hawaii_Hookena FRA,0.0,0.01,0.02,0.05,2.0,0
hawaii,Fish,0.7,hawaii_Hookena FRA,0.0,0.01,0.02,0.05,2.0,0
hawaii,Turbidity,0.0,hawaii_Hookena FRA,0.0,0.01,0.02,0.05,2.0,0
hawaii,Turbidity,0.1,hawaii_Hookena FRA,0.0,0.01,0.02,0.05,2.0,0
hawaii,Turbidity,0.2,hawaii_Hookena FRA,0.0,0.02,0.2,0.2,20.0,0
hawaii,Turbidity,0.3,hawaii_Hookena FRA,0.0,0.02,0.2,0.2,20.0,0
hawaii,Turbidity,0.4,hawaii_Hookena FRA,0.0,0.02,0.2,0.2,20.0,0
hawaii,Turbidity,0.5,hawaii_Hookena FRA,0.0,0.02,0.2,0.2,20.0,0
hawaii,Coral size,5.0,hawaii_Ka Lae (South Pt) (BRFA M),0.0,0.0,0.2,0.2,20.0,0
hawaii,Coral size,15.0,hawaii_Ka Lae (South Pt) (BRFA M),0.0,0.0,0.0,0.0,0.0,0
hawaii,Coral size,25.0,hawaii_Ka Lae (South Pt) (BRFA M),0.0,0.01,0.036250000000000004,0.07,3.5,0
hawaii,Coral size,35.0,hawaii_Ka Lae (South Pt) (BRFA M),0.0,0.01,0.045,0.22749999999999984,4.5,0
hawaii,Coral size,45.0,hawaii_Ka Lae (South Pt) (BRFA M),0.0,0.01,0.05,0.2569999999999999,5.0,0
hawaii,Coral size,55.0,hawaii_Ka Lae (South Pt) (BRFA M),0.0,0.01,0.04,0.18099999999999988,4.0,0
hawaii,Coral size,65.0,hawaii_Ka Lae (South Pt) (BRFA M),0.0,0.02,0.07,0.4449999999999997,7.0,0
hawaii,Development,0.0,hawaii_Ka Lae (South Pt) (BRFA M),0.0,0.02,0.0725,0.49,7.0,0
hawaii,Development,0.1,hawaii_Ka Lae (South Pt) (BRFA M),0.0,0.04,0.26,0.39549999999999996,26.0,0
hawaii,Development,0.2,hawaii_Ka Lae (South Pt) (BRFA M),0.0,0.08,0.1674999999999999,0.3289999999999998,17.0,0
hawaii,Development,0.3,hawaii_Ka Lae (South Pt) (BRFA M),0.0,0.08,0.1674999999999999,0.3289999999999998,17.0,0
hawaii,Development,0.4,hawaii_Ka Lae (South Pt) (BRFA M),0.0,0.08,0.1674999999999999,0.3289999999999998,17.0,0
hawaii,Development,0.5,hawaii_Ka Lae (South Pt) (BRFA M),0.0,0.08,0.1674999999999999,0.3289999999999998,17.0,0
hawaii,Development,0.6,hawaii_Ka Lae (South Pt) (BRFA M),0.0,0.08,0.1674999999999999,0.31999999999999973,17.0,0
hawaii,Development,0.7,hawaii_Ka Lae (South Pt) (BRFA M),0.0,0.08,0.1674999999999999,0.31999999999999973,17.0,0
hawaii,Development,0.8,hawaii_Ka Lae (South Pt) (BRFA M),0.0,0.08,0.1674999999999999,0.31999999999999973,17.0,0
hawaii,Development,0.9,hawaii_Ka Lae (South Pt) (BRFA M),0.0,0.08,0.1674999999999999,0.31999999999999973,17.0,0
hawaii,Development,1.0,hawaii_Ka Lae (South Pt) (BRFA M),0.0,0.08,0.1674999999999999,0.31999999999999973,17.0,0
hawaii,Fish,0.1,hawaii_Ka Lae (South Pt) (BRFA M),0.0,0.1375,0.28,0.47,28.0,0
hawaii,Fish,0.2,hawaii_Ka Lae (South Pt) (BRFA M),0.0,0.1975,0.29500000000000004,0.47,29.5,0
hawaii,Fish,0.3,hawaii_Ka Lae (South Pt) (BRFA M),0.0,0.075,0.23,0.4704999999999999,23.0,0
hawaii,Fish,0.4,hawaii_Ka Lae (South Pt) (BRFA M),0.0,0.08,0.1674999999999999,0.31999999999999973,17.0,0
hawaii,Fish,0.5,hawaii_Ka Lae (South Pt) (BRFA M),0.0,0.08,0.1674999999999999,0.31999999999999973,17.0,0
hawaii,Fish,0.6,hawaii_Ka Lae (South Pt) (BRFA M),0.0,0.08,0.1674999999999999,0.31999999999999973,17.0,0
hawaii,Fish,0.7,hawaii_Ka Lae (South Pt) (BRFA M),0.0,0.08,0.1674999999999999,0.31999999999999973,17.0,0
hawaii,Turbidity,0.0,hawaii_Ka Lae (South Pt) (BRFA M),0.0,0.08,0.1674999999999999,0.31999999999999973,17.0,0
hawaii,Turbidity,0.1,hawaii_Ka Lae (South Pt) (BRFA M),0.0,0.08,0.23,0.23,23.0,0
hawaii,Turbidity,0.2,hawaii_Ka Lae (South Pt) (BRFA M),0.0,0.08,0.23,0.23,23.0,0
hawaii,Turbidity,0.3,hawaii_Ka Lae (South Pt) (BRFA M),0.0,0.08,0.23,0.23,23.0,0
hawaii,Turbidity,0.4,hawaii_Ka Lae (South Pt) (BRFA M),0.0,0.0625,0.23,0.23,23.0,0
hawaii,Turbidity,0.5,hawaii_Ka Lae (South Pt) (BRFA M),0.0,0.0625,0.23,0.23,23.0,0
hawaii,Coral size,5.0,hawaii_Kaena Pt (BRFA D),0.0,0.0,0.0,0.0509999999999999,0.0,0
hawaii,Coral size,15.0,hawaii_Kaena Pt (BRFA D),0.0,0.0,0.0,0.06,0.0,0
hawaii,Coral size,25.0,hawaii_Kaena Pt (BRFA D),0.0,0.0,0.01,0.04,1.0,0
hawaii,Coral size,35.0,hawaii_Kaena Pt (BRFA D),0.0,0.0,0.01,0.07,1.0,0
hawaii,Coral size,45.0,hawaii_Kaena Pt (BRFA D),0.0,0.0,0.01,0.09,1.0,0
hawaii,Coral size,55.0,hawaii_Kaena Pt (BRFA D),0.0,0.0,0.01,0.08,1.0,0
hawaii,Coral size,65.0,hawaii_Kaena Pt (BRFA D),0.0,0.0,0.02,0.56,2.0,0
hawaii,Development,0.0,hawaii_Kaena Pt (BRFA D),0.0,0.0,0.0725,0.87,7.0,0
hawaii,Development,0.1,hawaii_Kaena Pt (BRFA D),0.0,0.01,0.34,0.5229999999999998,34.0,0
hawaii,Development,0.2,hawaii_Kaena Pt (BRFA D),0.0,0.23,0.31,0.47,31.0,0
hawaii,Development,0.3,hawaii_Kaena Pt (BRFA D),0.0,0.23,0.31,0.47,31.0,0
hawaii,Development,0.4,hawaii_Kaena Pt (BRFA D),0.0,0.23,0.31,0.47,31.0,0
hawaii,Development,0.5,hawaii_Kaena Pt (BRFA D),0.0,0.23,0.3125,0.47,31.0,0
hawaii,Development,0.6,hawaii_Kaena Pt (BRFA D),0.0,0.23,0.31,0.47,31.0,0
hawaii,Development,0.7,hawaii_Kaena Pt (BRFA D),0.0,0.23,0.31,0.47,31.0,0
hawaii,Development,0.8,hawaii_Kaena Pt (BRFA D),0.0,0.23,0.31,0.47,31.0,0
hawaii,Development,0.9,hawaii_Kaena Pt (BRFA D),0.0,0.23,0.31,0.47,31.0,0
hawaii,Development,1.0,hawaii_Kaena Pt (BRFA D),0.0,0.23,0.31,0.47,31.0,0
hawaii,Fish,0.1,hawaii_Kaena Pt (BRFA D),0.0,0.22,0.28,0.47,28.0,0
hawaii,Fish,0.2,hawaii_Kaena Pt (BRFA D),0.0,0.23,0.31,0.47,31.0,0
hawaii,Fish,0.3,hawaii_Kaena Pt (BRFA D),0.0,0.77,0.83,0.85,83.0,0
hawaii,Fish,0.4,hawaii_Kaena Pt (BRFA D),0.0,0.77,0.83,0.85,83.0,0
hawaii,Fish,0.5,hawaii_Kaena Pt (BRFA D),0.0,0.77,0.83,0.85,83.0,0
hawaii,Fish,0.6,hawaii_Kaena Pt (BRFA D),0.0,0.77,0.83,0.85,83.0,0
hawaii,Fish,0.7,hawaii_Kaena Pt (BRFA D),0.0,0.77,0.83,0.85,83.0,0
hawaii,Turbidity,0.0,hawaii_Kaena Pt (BRFA D),0.0,0.77,0.83,0.85,83.0,0
hawaii,Turbidity,0.1,hawaii_Kaena Pt (BRFA D),0.0,0.77,0.83,0.85,83.0,0
hawaii,Turbidity,0.2,hawaii_Kaena Pt (BRFA D),0.0,0.77,0.83,0.85,83.0,0
hawaii,Turbidity,0.3,hawaii_Kaena Pt (BRFA D),0.0,0.77,0.83,0.84,83.0,0
hawaii,Turbidity,0.4,hawaii_Kaena Pt (BRFA D),0.0,0.77,0.83,0.84,83.0,0
hawaii,Turbidity,0.5,hawaii_Kaena Pt (BRFA D),0.0,0.77,0.83,0.84,83.0,0
hawaii,Coral size,5.0,hawaii_Kahekili Herbivore FMA,4.0,0.0,0.02,0.05,-2.0,0
hawaii,Coral size,15.0,hawaii_Kahekili Herbivore FMA,4.0,0.0,0.03,0.06,-1.0,0
hawaii,Coral size,25.0,hawaii_Kahekili Herbivore FMA,4.0,0.21,0.28,0.37,24.0,0
hawaii,Coral size,35.0,hawaii_Kahekili Herbivore FMA,4.0,0.03,0.2525,0.32,21.0,0
hawaii,Coral size,45.0,hawaii_Kahekili Herbivore FMA,4.0,0.03,0.27,0.33,23.0,0
hawaii,Coral size,55.0,hawaii_Kahekili Herbivore FMA,4.0,0.03,0.28,0.34,24.0,0
hawaii,Coral size,65.0,hawaii_Kahekili Herbivore FMA,4.0,0.03,0.28,0.34,24.0,0
hawaii,Development,0.0,hawaii_Kahekili Herbivore FMA,4.0,0.02,0.88,0.9,84.0,0
hawaii,Development,0.1,hawaii_Kahekili Herbivore FMA,4.0,0.005,0.455,0.88,42.0,0
hawaii,Development,0.2,hawaii_Kahekili Herbivore FMA,4.0,0.03,0.2725,0.3309999999999999,23.0,0
hawaii,Development,0.3,hawaii_Kahekili Herbivore FMA,4.0,0.03,0.28,0.34,24.0,0
hawaii,Development,0.4,hawaii_Kahekili Herbivore FMA,4.0,0.03,0.28,0.34,24.0,0
hawaii,Development,0.5,hawaii_Kahekili Herbivore FMA,4.0,0.03,0.28,0.3309999999999999,24.0,0
hawaii,Development,0.6,hawaii_Kahekili Herbivore FMA,4.0,0.03,0.26,0.32,22.0,0
hawaii,Development,0.7,hawaii_Kahekili Herbivore FMA,4.0,0.03,0.26,0.32,22.0,0
hawaii,Development,0.8,hawaii_Kahekili Herbivore FMA,4.0,0.03,0.26,0.32,22.0,0
hawaii,Development,0.9,hawaii_Kahekili Herbivore FMA,4.0,0.03,0.26,0.32,22.0,0
hawaii,Development,1.0,hawaii_Kahekili Herbivore FMA,4.0,0.03,0.26,0.32,22.0,0
hawaii,Fish,0.1,hawaii_Kahekili Herbivore FMA,4.0,0.26,0.28,0.34,24.0,0
hawaii,Fish,0.2,hawaii_Kahekili Herbivore FMA,4.0,0.26,0.2925,0.3209999999999999,25.0,0
hawaii,Fish,0.3,hawaii_Kahekili Herbivore FMA,4.0,0.3399999999999999,0.83,0.85,79.0,0
hawaii,Fish,0.4,hawaii_Kahekili Herbivore FMA,4.0,0.33,0.83,0.85,79.0,0
hawaii,Fish,0.5,hawaii_Kahekili Herbivore FMA,4.0,0.33,0.83,0.85,79.0,0
hawaii,Fish,0.6,hawaii_Kahekili Herbivore FMA,4.0,0.33,0.83,0.85,79.0,0
hawaii,Fish,0.7,hawaii_Kahekili Herbivore FMA,4.0,0.33,0.83,0.85,79.0,0
hawaii,Turbidity,0.0,hawaii_Kahekili Herbivore FMA,4.0,0.61,0.83,0.85,79.0,0
hawaii,Turbidity,0.1,hawaii_Kahekili Herbivore FMA,4.0,0.33,0.83,0.85,79.0,0
hawaii,Turbidity,0.2,hawaii_Kahekili Herbivore FMA,4.0,0.33,0.83,0.85,79.0,0
hawaii,Turbidity,0.3,hawaii_Kahekili Herbivore FMA,4.0,0.33,0.83,0.84,79.0,0
hawaii,Turbidity,0.4,hawaii_Kahekili Herbivore FMA,4.0,0.33,0.83,0.84,79.0,0
hawaii,Turbidity,0.5,hawaii_Kahekili Herbivore FMA,4.0,0.33,0.83,0.84,79.0,0
hawaii,Coral size,5.0,hawaii_Kahoolawe Island Reserve: Zone A,0.0,0.0,0.0,0.0,0.0,0
hawaii,Coral size,15.0,hawaii_Kahoolawe Island Reserve: Zone A,0.0,0.0,0.0,0.0,0.0,0
hawaii,Coral size,25.0,hawaii_Kahoolawe Island Reserve: Zone A,0.0,0.0,0.01,0.04,1.0,0
hawaii,Coral size,35.0,hawaii_Kahoolawe Island Reserve: Zone A,0.0,0.0,0.01,0.0609999999999999,1.0,0
hawaii,Coral size,45.0,hawaii_Kahoolawe Island Reserve: Zone A,0.0,0.0,0.01,0.1109999999999999,1.0,0
hawaii,Coral size,55.0,hawaii_Kahoolawe Island Reserve: Zone A,0.0,0.0,0.01,0.12,1.0,0
hawaii,Coral size,65.0,hawaii_Kahoolawe Island Reserve: Zone A,0.0,0.0,0.0425,0.4959999999999996,4.0,0
hawaii,Development,0.0,hawaii_Kahoolawe Island Reserve: Zone A,0.0,0.0,0.0525,0.87,5.0,0
hawaii,Development,0.1,hawaii_Kahoolawe Island Reserve: Zone A,0.0,0.01,0.34,0.4919999999999999,34.0,0
hawaii,Development,0.2,hawaii_Kahoolawe Island Reserve: Zone A,0.0,0.185,0.28,0.47,28.0,0
hawaii,Development,0.3,hawaii_Kahoolawe Island Reserve: Zone A,0.0,0.21,0.28,0.47,28.0,0
hawaii,Development,0.4,hawaii_Kahoolawe Island Reserve: Zone A,0.0,0.12,0.28,0.47,28.0,0
hawaii,Development,0.5,hawaii_Kahoolawe Island Reserve: Zone A,0.0,0.12,0.2875,0.47,29.0,0
hawaii,Development,0.6,hawaii_Kahoolawe Island Reserve: Zone A,0.0,0.12,0.28,0.47,28.0,0
hawaii,Development,0.7,hawaii_Kahoolawe Island Reserve: Zone A,0.0,0.12,0.28,0.47,28.0,0
hawaii,Development,0.8,hawaii_Kahoolawe Island Reserve: Zone A,0.0,0.12,0.28,0.47,28.0,0
hawaii,Development,0.9,hawaii_Kahoolawe Island Reserve: Zone A,0.0,0.12,0.28,0.47,28.0,0
hawaii,Development,1.0,hawaii_Kahoolawe Island Reserve: Zone A,0.0,0.12,0.28,0.47,28.0,0
hawaii,Fish,0.1,hawaii_Kahoolawe Island Reserve: Zone A,0.0,0.18,0.28,0.47,28.0,0
hawaii,Fish,0.2,hawaii_Kahoolawe Island Reserve: Zone A,0.0,0.22,0.31,0.47,31.0,0
hawaii,Fish,0.3,hawaii_Kahoolawe Island Reserve: Zone A,0.0,0.075,0.23,0.47,23.0,0
hawaii,Fish,0.4,hawaii_Kahoolawe Island Reserve: Zone A,0.0,0.08,0.12,0.2329999999999998,12.0,0
hawaii,Fish,0.5,hawaii_Kahoolawe Island Reserve: Zone A,0.0,0.08,0.12,0.2329999999999998,12.0,0
hawaii,Fish,0.6,hawaii_Kahoolawe Island Reserve: Zone A,0.0,0.08,0.12,0.2329999999999998,12.0,0
hawaii,Fish,0.7,hawaii_Kahoolawe Island Reserve: Zone A,0.0,0.08,0.12,0.2329999999999998,12.0,0
hawaii,Turbidity,0.0,hawaii_Kahoolawe Island Reserve: Zone A,0.0,0.08,0.1674999999999999,0.3459999999999997,17.0,0
hawaii,Turbidity,0.1,hawaii_Kahoolawe Island Reserve: Zone A,0.0,0.08,0.23,0.23,23.0,0
hawaii,Turbidity,0.2,hawaii_Kahoolawe Island Reserve: Zone A,0.0,0.08,0.23,0.23,23.0,0
hawaii,Turbidity,0.3,hawaii_Kahoolawe Island Reserve: Zone A,0.0,0.08,0.23,0.23,23.0,0
hawaii,Turbidity,0.4,hawaii_Kahoolawe Island Reserve: Zone A,0.0,0.06,0.23,0.23,23.0,0
hawaii,Turbidity,0.5,hawaii_Kahoolawe Island Reserve: Zone A,0.0,0.06,0.23,0.23,23.0,0
hawaii,Coral size,5.0,hawaii_Kahoolawe Island Reserve: Zone B,0.0,0.0,0.0,0.0,0.0,0
hawaii,Coral size,15.0,hawaii_Kahoolawe Island Reserve: Zone B,0.0,0.0,0.0,0.0,0.0,0
hawaii,Coral size,25.0,hawaii_Kahoolawe Island Reserve: Zone B,0.0,0.01,0.03,0.07049999999999995,3.0,0
hawaii,Coral size,35.0,hawaii_Kahoolawe Island Reserve: Zone B,0.0,0.0,0.03,0.12,3.0,0
hawaii,Coral size,45.0,hawaii_Kahoolawe Island Reserve: Zone B,0.0,0.0,0.03125,0.1409999999999999,3.0,0
hawaii,Coral size,55.0,hawaii_Kahoolawe Island Reserve: Zone B,0.0,0.0,0.03,0.12,3.0,0
hawaii,Coral size,65.0,hawaii_Kahoolawe Island Reserve: Zone B,0.0,0.01,0.0425,0.3829999999999998,4.0,0
hawaii,Development,0.0,hawaii_Kahoolawe Island Reserve: Zone B,0.0,0.01,0.0525,0.4309999999999999,5.0,0
hawaii,Development,0.1,hawaii_Kahoolawe Island Reserve: Zone B,0.0,0.03,0.33,0.44,33.0,0
hawaii,Development,0.2,hawaii_Kahoolawe Island Reserve: Zone B,0.0,0.1,0.2425,0.47,24.0,0
hawaii,Development,0.3,hawaii_Kahoolawe Island Reserve: Zone B,0.0,0.1,0.2325,0.47,23.0,0
hawaii,Development,0.4,hawaii_Kahoolawe Island Reserve: Zone B,0.0,0.1,0.2325,0.47,23.0,0
hawaii,Development,0.5,hawaii_Kahoolawe Island Reserve: Zone B,0.0,0.1,0.2325,0.47,23.0,0
hawaii,Development,0.6,hawaii_Kahoolawe Island Reserve: Zone B,0.0,0.1,0.2325,0.47,23.0,0
hawaii,Development,0.7,hawaii_Kahoolawe Island Reserve: Zone B,0.0,0.1,0.2325,0.47,23.0,0
hawaii,Development,0.8,hawaii_Kahoolawe Island Reserve: Zone B,0.0,0.1,0.2325,0.47,23.0,0
hawaii,Development,0.9,hawaii_Kahoolawe Island Reserve: Zone B,0.0,0.1,0.2325,0.47,23.0,0
hawaii,Development,1.0,hawaii_Kahoolawe Island Reserve: Zone B,0.0,0.1,0.2325,0.47,23.0,0
hawaii,Fish,0.1,hawaii_Kahoolawe Island Reserve: Zone B,0.0,0.18,0.28,0.47,28.0,0
hawaii,Fish,0.2,hawaii_Kahoolawe Island Reserve: Zone B,0.0,0.22,0.31,0.47,31.0,0
hawaii,Fish,0.3,hawaii_Kahoolawe Island Reserve: Zone B,0.0,0.07250000000000001,0.23,0.47,23.0,0
hawaii,Fish,0.4,hawaii_Kahoolawe Island Reserve: Zone B,0.0,0.08,0.12,0.2329999999999998,12.0,0
hawaii,Fish,0.5,hawaii_Kahoolawe Island Reserve: Zone B,0.0,0.08,0.12,0.2329999999999998,12.0,0
hawaii,Fish,0.6,hawaii_Kahoolawe Island Reserve: Zone B,0.0,0.08,0.12,0.2329999999999998,12.0,0
hawaii,Fish,0.7,hawaii_Kahoolawe Island Reserve: Zone B,0.0,0.08,0.12,0.2329999999999998,12.0,0
hawaii,Turbidity,0.0,hawaii_Kahoolawe Island Reserve: Zone B,0.0,0.08,0.1674999999999999,0.3459999999999997,17.0,0
hawaii,Turbidity,0.1,hawaii_Kahoolawe Island Reserve: Zone B,0.0,0.08,0.23,0.23,23.0,0
hawaii,Turbidity,0.2,hawaii_Kahoolawe Island Reserve: Zone B,0.0,0.08,0.23,0.23,23.0,0
hawaii,Turbidity,0.3,hawaii_Kahoolawe Island Reserve: Zone B,0.0,0.08,0.23,0.23,23.0,0
hawaii,Turbidity,0.4,hawaii_Kahoolawe Island Reserve: Zone B,0.0,0.06,0.23,0.23,23.0,0
hawaii,Turbidity,0.5,hawaii_Kahoolawe Island Reserve: Zone B,0.0,0.06,0.23,0.23,23.0,0
hawaii,Coral size,5.0,hawaii_Kahului Harbor FMA,1.0,0.0,0.01,0.2,0.0,0
hawaii,Coral size,15.0,hawaii_Kahului Harbor FMA,1.0,0.0,0.0,0.01,-1.0,0
hawaii,Coral size,25.0,hawaii_Kahului Harbor FMA,1.0,0.065,0.33,0.4409999999999999,32.0,0
hawaii,Coral size,35.0,hawaii_Kahului Harbor FMA,1.0,0.32,0.35,0.45,34.0,0
hawaii,Coral size,45.0,hawaii_Kahului Harbor FMA,1.0,0.32,0.35,0.4509999999999999,34.0,0
hawaii,Coral size,55.0,hawaii_Kahului Harbor FMA,1.0,0.33,0.4025,0.5,39.0,0
hawaii,Coral size,65.0,hawaii_Kahului Harbor FMA,1.0,0.81,0.84,0.85,83.0,0
hawaii,Development,0.0,hawaii_Kahului Harbor FMA,1.0,0.81,0.84,0.85,83.0,0
hawaii,Development,0.1,hawaii_Kahului Harbor FMA,1.0,0.8,0.83,0.85,82.0,0
hawaii,Development,0.2,hawaii_Kahului Harbor FMA,1.0,0.77,0.83,0.85,82.0,0
hawaii,Development,0.3,hawaii_Kahului Harbor FMA,1.0,0.77,0.83,0.85,82.0,0
hawaii,Development,0.4,hawaii_Kahului Harbor FMA,1.0,0.77,0.83,0.85,82.0,0
hawaii,Development,0.5,hawaii_Kahului Harbor FMA,1.0,0.77,0.83,0.85,82.0,0
hawaii,Development,0.6,hawaii_Kahului Harbor FMA,1.0,0.77,0.83,0.85,82.0,0
hawaii,Development,0.7,hawaii_Kahului Harbor FMA,1.0,0.77,0.83,0.85,82.0,0
hawaii,Development,0.8,hawaii_Kahului Harbor FMA,1.0,0.77,0.83,0.85,82.0,0
hawaii,Development,0.9,hawaii_Kahului Harbor FMA,1.0,0.77,0.83,0.85,82.0,0
hawaii,Development,1.0,hawaii_Kahului Harbor FMA,1.0,0.77,0.83,0.85,82.0,0
hawaii,Fish,0.1,hawaii_Kahului Harbor FMA,1.0,0.27,0.3125,0.35,30.0,0
hawaii,Fish,0.2,hawaii_Kahului Harbor FMA,1.0,0.27,0.31,0.33,30.0,0
hawaii,Fish,0.3,hawaii_Kahului Harbor FMA,1.0,0.77,0.83,0.85,82.0,0
hawaii,Fish,0.4,hawaii_Kahului Harbor FMA,1.0,0.77,0.83,0.85,82.0,0
hawaii,Fish,0.5,hawaii_Kahului Harbor FMA,1.0,0.77,0.83,0.85,82.0,0
hawaii,Fish,0.6,hawaii_Kahului Harbor FMA,1.0,0.77,0.83,0.85,82.0,0
hawaii,Fish,0.7,hawaii_Kahului Harbor FMA,1.0,0.77,0.83,0.85,82.0,0
hawaii,Turbidity,0.0,hawaii_Kahului Harbor FMA,1.0,0.77,0.83,0.85,82.0,0
hawaii,Turbidity,0.1,hawaii_Kahului Harbor FMA,1.0,0.77,0.83,0.85,82.0,0
hawaii,Turbidity,0.2,hawaii_Kahului Harbor FMA,1.0,0.77,0.83,0.85,82.0,0
hawaii,Turbidity,0.3,hawaii_Kahului Harbor FMA,1.0,0.77,0.83,0.84,82.0,0
hawaii,Turbidity,0.4,hawaii_Kahului Harbor FMA,1.0,0.77,0.83,0.84,82.0,0
hawaii,Turbidity,0.5,hawaii_Kahului Harbor FMA,1.0,0.77,0.83,0.84,82.0,0
hawaii,Coral size,5.0,hawaii_Kailua Bay FMA,0.0,0.0,0.2,0.2,20.0,0
hawaii,Coral size,15.0,hawaii_Kailua Bay FMA,0.0,0.0,0.0,0.0,0.0,0
hawaii,Coral size,25.0,hawaii_Kailua Bay FMA,0.0,0.0,0.0,0.01,0.0,0
hawaii,Coral size,35.0,hawaii_Kailua Bay FMA,0.0,0.0,0.0,0.0,0.0,0
hawaii,Coral size,45.0,hawaii_Kailua Bay FMA,0.0,0.0,0.0,0.0,0.0,0
hawaii,Coral size,55.0,hawaii_Kailua Bay FMA,0.0,0.0,0.0,0.0,0.0,0
hawaii,Coral size,65.0,hawaii_Kailua Bay FMA,0.0,0.01,0.02,0.05,2.0,0
hawaii,Development,0.0,hawaii_Kailua Bay FMA,0.0,0.01,0.02,0.05,2.0,0
hawaii,Development,0.1,hawaii_Kailua Bay FMA,0.0,0.01,0.02,0.05,2.0,0
hawaii,Development,0.2,hawaii_Kailua Bay FMA,0.0,0.01,0.02,0.05,2.0,0
hawaii,Development,0.3,hawaii_Kailua Bay FMA,0.0,0.01,0.02,0.05,2.0,0
hawaii,Development,0.4,hawaii_Kailua Bay FMA,0.0,0.01,0.02,0.05,2.0,0
hawaii,Development,0.5,hawaii_Kailua Bay FMA,0.0,0.01,0.02,0.05,2.0,0
hawaii,Development,0.6,hawaii_Kailua Bay FMA,0.0,0.01,0.02,0.05,2.0,0
hawaii,Development,0.7,hawaii_Kailua Bay FMA,0.0,0.01,0.02,0.05,2.0,0
hawaii,Development,0.8,hawaii_Kailua Bay FMA,0.0,0.01,0.02,0.05,2.0,0
hawaii,Development,0.9,hawaii_Kailua Bay FMA,0.0,0.01,0.02,0.05,2.0,0
hawaii,Development,1.0,hawaii_Kailua Bay FMA,0.0,0.01,0.02,0.05,2.0,0
hawaii,Fish,0.1,hawaii_Kailua Bay FMA,0.0,0.02,0.05,0.2519999999999999,5.0,0
hawaii,Fish,0.2,hawaii_Kailua Bay FMA,0.0,0.02,0.05,0.2519999999999999,5.0,0
hawaii,Fish,0.3,hawaii_Kailua Bay FMA,0.0,0.01,0.02,0.05,2.0,0
hawaii,Fish,0.4,hawaii_Kailua Bay FMA,0.0,0.01,0.02,0.05,2.0,0
hawaii,Fish,0.5,hawaii_Kailua Bay FMA,0.0,0.01,0.02,0.05,2.0,0
hawaii,Fish,0.6,hawaii_Kailua Bay FMA,0.0,0.01,0.02,0.05,2.0,0
hawaii,Fish,0.7,hawaii_Kailua Bay FMA,0.0,0.01,0.02,0.05,2.0,0
hawaii,Turbidity,0.0,hawaii_Kailua Bay FMA,0.0,0.01,0.02,0.05,2.0,0
hawaii,Turbidity,0.1,hawaii_Kailua Bay FMA,0.0,0.01,0.02,0.05,2.0,0
hawaii,Turbidity,0.2,hawaii_Kailua Bay FMA,0.0,0.02,0.2,0.2,20.0,0
hawaii,Turbidity,0.3,hawaii_Kailua Bay FMA,0.0,0.02,0.2,0.2,20.0,0
hawaii,Turbidity,0.4,hawaii_Kailua Bay FMA,0.0,0.02,0.2,0.2,20.0,0
hawaii,Turbidity,0.5,hawaii_Kailua Bay FMA,0.0,0.02,0.2,0.2,20.0,0
hawaii,Coral size,5.0,hawaii_Kailua Bay FMA: Zone B,0.0,0.0,0.2,0.2,20.0,0
hawaii,Coral size,15.0,hawaii_Kailua Bay FMA: Zone B,0.0,0.0,0.0,0.0,0.0,0
hawaii,Coral size,25.0,hawaii_Kailua Bay FMA: Zone B,0.0,0.0,0.0,0.01,0.0,0
hawaii,Coral size,35.0,hawaii_Kailua Bay FMA: Zone B,0.0,0.0,0.0,0.0,0.0,0
hawaii,Coral size,45.0,hawaii_Kailua Bay FMA: Zone B,0.0,0.0,0.0,0.0,0.0,0
hawaii,Coral size,55.0,hawaii_Kailua Bay FMA: Zone B,0.0,0.0,0.0,0.0,0.0,0
hawaii,Coral size,65.0,hawaii_Kailua Bay FMA: Zone B,0.0,0.01,0.02,0.05,2.0,0
hawaii,Development,0.0,hawaii_Kailua Bay FMA: Zone B,0.0,0.01,0.02,0.05,2.0,0
hawaii,Development,0.1,hawaii_Kailua Bay FMA: Zone B,0.0,0.01,0.02,0.05,2.0,0
hawaii,Development,0.2,hawaii_Kailua Bay FMA: Zone B,0.0,0.01,0.02,0.05,2.0,0
hawaii,Development,0.3,hawaii_Kailua Bay FMA: Zone B,0.0,0.01,0.02,0.05,2.0,0
hawaii,Development,0.4,hawaii_Kailua Bay FMA: Zone B,0.0,0.01,0.02,0.05,2.0,0
hawaii,Development,0.5,hawaii_Kailua Bay FMA: Zone B,0.0,0.01,0.02,0.05,2.0,0
hawaii,Development,0.6,hawaii_Kailua Bay FMA: Zone B,0.0,0.01,0.02,0.05,2.0,0
hawaii,Development,0.7,hawaii_Kailua Bay FMA: Zone B,0.0,0.01,0.02,0.05,2.0,0
hawaii,Development,0.8,hawaii_Kailua Bay FMA: Zone B,0.0,0.01,0.02,0.05,2.0,0
hawaii,Development,0.9,hawaii_Kailua Bay FMA: Zone B,0.0,0.01,0.02,0.05,2.0,0
hawaii,Development,1.0,hawaii_Kailua Bay FMA: Zone B,0.0,0.01,0.02,0.05,2.0,0
hawaii,Fish,0.1,hawaii_Kailua Bay FMA: Zone B,0.0,0.02,0.05,0.2519999999999999,5.0,0
hawaii,Fish,0.2,hawaii_Kailua Bay FMA: Zone B,0.0,0.02,0.05,0.2519999999999999,5.0,0
hawaii,Fish,0.3,hawaii_Kailua Bay FMA: Zone B,0.0,0.01,0.02,0.05,2.0,0
hawaii,Fish,0.4,hawaii_Kailua Bay FMA: Zone B,0.0,0.01,0.02,0.05,2.0,0
hawaii,Fish,0.5,hawaii_Kailua Bay FMA: Zone B,0.0,0.01,0.02,0.05,2.0,0
hawaii,Fish,0.6,hawaii_Kailua Bay FMA: Zone B,0.0,0.01,0.02,0.05,2.0,0
hawaii,Fish,0.7,hawaii_Kailua Bay FMA: Zone B,0.0,0.01,0.02,0.05,2.0,0
hawaii,Turbidity,0.0,hawaii_Kailua Bay FMA: Zone B,0.0,0.01,0.02,0.05,2.0,0
hawaii,Turbidity,0.1,hawaii_Kailua Bay FMA: Zone B,0.0,0.01,0.02,0.05,2.0,0
hawaii,Turbidity,0.2,hawaii_Kailua Bay FMA: Zone B,0.0,0.02,0.2,0.2,20.0,0
hawaii,Turbidity,0.3,hawaii_Kailua Bay FMA: Zone B,0.0,0.02,0.2,0.2,20.0,0
hawaii,Turbidity,0.4,hawaii_Kailua Bay FMA: Zone B,0.0,0.02,0.2,0.2,20.0,0
hawaii,Turbidity,0.5,hawaii_Kailua Bay FMA: Zone B,0.0,0.02,0.2,0.2,20.0,0
hawaii,Coral size,5.0,hawaii_Kailua-Keauhou FRA,0.0,0.0,0.2,0.2,20.0,0
hawaii,Coral size,15.0,hawaii_Kailua-Keauhou FRA,0.0,0.0,0.0,0.0,0.0,0
hawaii,Coral size,25.0,hawaii_Kailua-Keauhou FRA,0.0,0.0,0.0,0.04549999999999995,0.0,0
hawaii,Coral size,35.0,hawaii_Kailua-Keauhou FRA,0.0,0.0,0.0,0.05049999999999995,0.0,0
hawaii,Coral size,45.0,hawaii_Kailua-Keauhou FRA,0.0,0.0,0.0,0.05049999999999995,0.0,0
hawaii,Coral size,55.0,hawaii_Kailua-Keauhou FRA,0.0,0.0,0.0,0.05049999999999995,0.0,0
hawaii,Coral size,65.0,hawaii_Kailua-Keauhou FRA,0.0,0.01,0.03,0.06,3.0,0
hawaii,Development,0.0,hawaii_Kailua-Keauhou FRA,0.0,0.02,0.03,0.0609999999999999,3.0,0
hawaii,Development,0.1,hawaii_Kailua-Keauhou FRA,0.0,0.01,0.03,0.06,3.0,0
hawaii,Development,0.2,hawaii_Kailua-Keauhou FRA,0.0,0.01,0.03,0.06,3.0,0
hawaii,Development,0.3,hawaii_Kailua-Keauhou FRA,0.0,0.02,0.03,0.06,3.0,0
hawaii,Development,0.4,hawaii_Kailua-Keauhou FRA,0.0,0.02,0.03,0.06,3.0,0
hawaii,Development,0.5,hawaii_Kailua-Keauhou FRA,0.0,0.02,0.03,0.06,3.0,0
hawaii,Development,0.6,hawaii_Kailua-Keauhou FRA,0.0,0.02,0.03,0.06,3.0,0
hawaii,Development,0.7,hawaii_Kailua-Keauhou FRA,0.0,0.02,0.03,0.06,3.0,0
hawaii,Development,0.8,hawaii_Kailua-Keauhou FRA,0.0,0.02,0.03,0.06,3.0,0
hawaii,Development,0.9,hawaii_Kailua-Keauhou FRA,0.0,0.02,0.03,0.06,3.0,0
hawaii,Development,1.0,hawaii_Kailua-Keauhou FRA,0.0,0.02,0.03,0.06,3.0,0
hawaii,Fish,0.1,hawaii_Kailua-Keauhou FRA,0.0,0.02,0.05,0.2519999999999999,5.0,0
hawaii,Fish,0.2,hawaii_Kailua-Keauhou FRA,0.0,0.02,0.05,0.2519999999999999,5.0,0
hawaii,Fish,0.3,hawaii_Kailua-Keauhou FRA,0.0,0.02,0.03,0.06,3.0,0
hawaii,Fish,0.4,hawaii_Kailua-Keauhou FRA,0.0,0.02,0.03,0.06,3.0,0
hawaii,Fish,0.5,hawaii_Kailua-Keauhou FRA,0.0,0.02,0.03,0.06,3.0,0
hawaii,Fish,0.6,hawaii_Kailua-Keauhou FRA,0.0,0.02,0.03,0.06,3.0,0
hawaii,Fish,0.7,hawaii_Kailua-Keauhou FRA,0.0,0.02,0.03,0.06,3.0,0
hawaii,Turbidity,0.0,hawaii_Kailua-Keauhou FRA,0.0,0.02,0.03,0.06,3.0,0
hawaii,Turbidity,0.1,hawaii_Kailua-Keauhou FRA,0.0,0.02,0.03,0.06,3.0,0
hawaii,Turbidity,0.2,hawaii_Kailua-Keauhou FRA,0.0,0.02,0.2,0.2,20.0,0
hawaii,Turbidity,0.3,hawaii_Kailua-Keauhou FRA,0.0,0.02,0.2,0.2,20.0,0
hawaii,Turbidity,0.4,hawaii_Kailua-Keauhou FRA,0.0,0.02,0.2,0.2,20.0,0
hawaii,Turbidity,0.5,hawaii_Kailua-Keauhou FRA,0.0,0.02,0.2,0.2,20.0,0
hawaii,Coral size,5.0,hawaii_Kalaupapa (BRFA G),0.0,0.0,0.0,0.0,0.0,0
hawaii,Coral size,15.0,hawaii_Kalaupapa (BRFA G),0.0,0.0,0.0,0.0,0.0,0
hawaii,Coral size,25.0,hawaii_Kalaupapa (BRFA G),0.0,0.02,0.02,0.05,2.0,0
hawaii,Coral size,35.0,hawaii_Kalaupapa (BRFA G),0.0,0.02,0.03,0.1309999999999999,3.0,0
hawaii,Coral size,45.0,hawaii_Kalaupapa (BRFA G),0.0,0.02,0.03,0.1119999999999998,3.0,0
hawaii,Coral size,55.0,hawaii_Kalaupapa (BRFA G),0.0,0.02,0.03,0.1419999999999999,3.0,0
hawaii,Coral size,65.0,hawaii_Kalaupapa (BRFA G),0.0,0.02,0.2875,0.69,29.0,0
hawaii,Development,0.0,hawaii_Kalaupapa (BRFA G),0.0,0.01,0.53,0.8809999999999999,53.0,0
hawaii,Development,0.1,hawaii_Kalaupapa (BRFA G),0.0,0.02,0.41,0.67,41.0,0
hawaii,Development,0.2,hawaii_Kalaupapa (BRFA G),0.0,0.23,0.28,0.47,28.0,0
hawaii,Development,0.3,hawaii_Kalaupapa (BRFA G),0.0,0.23,0.28,0.47,28.0,0
hawaii,Development,0.4,hawaii_Kalaupapa (BRFA G),0.0,0.23,0.2825,0.47,28.0,0
hawaii,Development,0.5,hawaii_Kalaupapa (BRFA G),0.0,0.23,0.295,0.47,30.0,0
hawaii,Development,0.6,hawaii_Kalaupapa (BRFA G),0.0,0.23,0.28,0.47,28.0,0
hawaii,Development,0.7,hawaii_Kalaupapa (BRFA G),0.0,0.23,0.28,0.47,28.0,0
hawaii,Development,0.8,hawaii_Kalaupapa (BRFA G),0.0,0.23,0.28,0.47,28.0,0
hawaii,Development,0.9,hawaii_Kalaupapa (BRFA G),0.0,0.23,0.28,0.47,28.0,0
hawaii,Development,1.0,hawaii_Kalaupapa (BRFA G),0.0,0.23,0.28,0.47,28.0,0
hawaii,Fish,0.1,hawaii_Kalaupapa (BRFA G),0.0,0.22,0.28,0.47,28.0,0
hawaii,Fish,0.2,hawaii_Kalaupapa (BRFA G),0.0,0.23,0.29,0.47,29.0,0
hawaii,Fish,0.3,hawaii_Kalaupapa (BRFA G),0.0,0.77,0.83,0.85,83.0,0
hawaii,Fish,0.4,hawaii_Kalaupapa (BRFA G),0.0,0.77,0.83,0.85,83.0,0
hawaii,Fish,0.5,hawaii_Kalaupapa (BRFA G),0.0,0.77,0.83,0.85,83.0,0
hawaii,Fish,0.6,hawaii_Kalaupapa (BRFA G),0.0,0.77,0.83,0.85,83.0,0
hawaii,Fish,0.7,hawaii_Kalaupapa (BRFA G),0.0,0.77,0.83,0.85,83.0,0
hawaii,Turbidity,0.0,hawaii_Kalaupapa (BRFA G),0.0,0.77,0.83,0.85,83.0,0
hawaii,Turbidity,0.1,hawaii_Kalaupapa (BRFA G),0.0,0.77,0.83,0.85,83.0,0
hawaii,Turbidity,0.2,hawaii_Kalaupapa (BRFA G),0.0,0.77,0.83,0.85,83.0,0
hawaii,Turbidity,0.3,hawaii_Kalaupapa (BRFA G),0.0,0.77,0.83,0.84,83.0,0
hawaii,Turbidity,0.4,hawaii_Kalaupapa (BRFA G),0.0,0.77,0.83,0.84,83.0,0
hawaii,Turbidity,0.5,hawaii_Kalaupapa (BRFA G),0.0,0.77,0.83,0.84,83.0,0
hawaii,Coral size,5.0,hawaii_Kaloko-Honokohau FRA / NRA,0.0,0.0,0.2,0.2,20.0,0
hawaii,Coral size,15.0,hawaii_Kaloko-Honokohau FRA / NRA,0.0,0.0,0.0,0.0,0.0,0
hawaii,Coral size,25.0,hawaii_Kaloko-Honokohau FRA / NRA,0.0,0.0,0.0,0.0,0.0,0
hawaii,Coral size,35.0,hawaii_Kaloko-Honokohau FRA / NRA,0.0,0.0,0.0,0.0,0.0,0
hawaii,Coral size,45.0,hawaii_Kaloko-Honokohau FRA / NRA,0.0,0.0,0.0,0.0,0.0,0
hawaii,Coral size,55.0,hawaii_Kaloko-Honokohau FRA / NRA,0.0,0.0,0.0,0.0,0.0,0
hawaii,Coral size,65.0,hawaii_Kaloko-Honokohau FRA / NRA,0.0,0.0,0.02,0.0409999999999999,2.0,0
hawaii,Development,0.0,hawaii_Kaloko-Honokohau FRA / NRA,0.0,0.0,0.02,0.05,2.0,0
hawaii,Development,0.1,hawaii_Kaloko-Honokohau FRA / NRA,0.0,0.01,0.02,0.05,2.0,0
hawaii,Development,0.2,hawaii_Kaloko-Honokohau FRA / NRA,0.0,0.01,0.02,0.05,2.0,0
hawaii,Development,0.3,hawaii_Kaloko-Honokohau FRA / NRA,0.0,0.01,0.02,0.05,2.0,0
hawaii,Development,0.4,hawaii_Kaloko-Honokohau FRA / NRA,0.0,0.01,0.02,0.05,2.0,0
hawaii,Development,0.5,hawaii_Kaloko-Honokohau FRA / NRA,0.0,0.01,0.02,0.05,2.0,0
hawaii,Development,0.6,hawaii_Kaloko-Honokohau FRA / NRA,0.0,0.01,0.02,0.05,2.0,0
hawaii,Development,0.7,hawaii_Kaloko-Honokohau FRA / NRA,0.0,0.01,0.02,0.05,2.0,0
hawaii,Development,0.8,hawaii_Kaloko-Honokohau FRA / NRA,0.0,0.01,0.02,0.05,2.0,0
hawaii,Development,0.9,hawaii_Kaloko-Honokohau FRA / NRA,0.0,0.01,0.02,0.05,2.0,0
hawaii,Development,1.0,hawaii_Kaloko-Honokohau FRA / NRA,0.0,0.01,0.02,0.05,2.0,0
hawaii,Fish,0.1,hawaii_Kaloko-Honokohau FRA / NRA,0.0,0.02,0.05,0.2519999999999999,5.0,0
hawaii,Fish,0.2,hawaii_Kaloko-Honokohau FRA / NRA,0.0,0.02,0.05,0.2519999999999999,5.0,0
hawaii,Fish,0.3,hawaii_Kaloko-Honokohau FRA / NRA,0.0,0.01,0.02,0.0409999999999999,2.0,0
hawaii,Fish,0.4,hawaii_Kaloko-Honokohau FRA / NRA,0.0,0.01,0.02,0.05,2.0,0
hawaii,Fish,0.5,hawaii_Kaloko-Honokohau FRA / NRA,0.0,0.01,0.02,0.05,2.0,0
hawaii,Fish,0.6,hawaii_Kaloko-Honokohau FRA / NRA,0.0,0.01,0.02,0.05,2.0,0
hawaii,Fish,0.7,hawaii_Kaloko-Honokohau FRA / NRA,0.0,0.01,0.02,0.05,2.0,0
hawaii,Turbidity,0.0,hawaii_Kaloko-Honokohau FRA / NRA,0.0,0.01,0.02,0.05,2.0,0
hawaii,Turbidity,0.1,hawaii_Kaloko-Honokohau FRA / NRA,0.0,0.01,0.02,0.05,2.0,0
hawaii,Turbidity,0.2,hawaii_Kaloko-Honokohau FRA / NRA,0.0,0.02,0.2,0.2,20.0,0
hawaii,Turbidity,0.3,hawaii_Kaloko-Honokohau FRA / NRA,0.0,0.02,0.2,0.2,20.0,0
hawaii,Turbidity,0.4,hawaii_Kaloko-Honokohau FRA / NRA,0.0,0.02,0.2,0.2,20.0,0
hawaii,Turbidity,0.5,hawaii_Kaloko-Honokohau FRA / NRA,0.0,0.02,0.2,0.2,20.0,0
hawaii,Coral size,5.0,hawaii_Kanonone-Kalipoa (Ka Lae) NRA,0.0,0.0,0.2,0.2,20.0,0
hawaii,Coral size,15.0,hawaii_Kanonone-Kalipoa (Ka Lae) NRA,0.0,0.0,0.0,0.0,0.0,0
hawaii,Coral size,25.0,hawaii_Kanonone-Kalipoa (Ka Lae) NRA,0.0,0.03,0.07,0.1,7.0,0
hawaii,Coral size,35.0,hawaii_Kanonone-Kalipoa (Ka Lae) NRA,0.0,0.02,0.07,0.1,7.0,0
hawaii,Coral size,45.0,hawaii_Kanonone-Kalipoa (Ka Lae) NRA,0.0,0.02,0.07,0.1,7.0,0
hawaii,Coral size,55.0,hawaii_Kanonone-Kalipoa (Ka Lae) NRA,0.0,0.02,0.07,0.1,7.0,0
hawaii,Coral size,65.0,hawaii_Kanonone-Kalipoa (Ka Lae) NRA,0.0,0.03,0.07,0.1,7.0,0
hawaii,Development,0.0,hawaii_Kanonone-Kalipoa (Ka Lae) NRA,0.0,0.03,0.07,0.1,7.0,0
hawaii,Development,0.1,hawaii_Kanonone-Kalipoa (Ka Lae) NRA,0.0,0.03,0.07,0.1,7.0,0
hawaii,Development,0.2,hawaii_Kanonone-Kalipoa (Ka Lae) NRA,0.0,0.03,0.07,0.1,7.0,0
hawaii,Development,0.3,hawaii_Kanonone-Kalipoa (Ka Lae) NRA,0.0,0.03,0.07,0.1,7.0,0
hawaii,Development,0.4,hawaii_Kanonone-Kalipoa (Ka Lae) NRA,0.0,0.03,0.07,0.1,7.0,0
hawaii,Development,0.5,hawaii_Kanonone-Kalipoa (Ka Lae) NRA,0.0,0.03,0.07,0.1,7.0,0
hawaii,Development,0.6,hawaii_Kanonone-Kalipoa (Ka Lae) NRA,0.0,0.03,0.07,0.1,7.0,0
hawaii,Development,0.7,hawaii_Kanonone-Kalipoa (Ka Lae) NRA,0.0,0.03,0.07,0.1,7.0,0
hawaii,Development,0.8,hawaii_Kanonone-Kalipoa (Ka Lae) NRA,0.0,0.03,0.07,0.1,7.0,0
hawaii,Development,0.9,hawaii_Kanonone-Kalipoa (Ka Lae) NRA,0.0,0.03,0.07,0.1,7.0,0
hawaii,Development,1.0,hawaii_Kanonone-Kalipoa (Ka Lae) NRA,0.0,0.03,0.07,0.1,7.0,0
hawaii,Fish,0.1,hawaii_Kanonone-Kalipoa (Ka Lae) NRA,0.0,0.04,0.1,0.27,10.0,0
hawaii,Fish,0.2,hawaii_Kanonone-Kalipoa (Ka Lae) NRA,0.0,0.04,0.1,0.27,10.0,0
hawaii,Fish,0.3,hawaii_Kanonone-Kalipoa (Ka Lae) NRA,0.0,0.03,0.07,0.1,7.0,0
hawaii,Fish,0.4,hawaii_Kanonone-Kalipoa (Ka Lae) NRA,0.0,0.03,0.07,0.1,7.0,0
hawaii,Fish,0.5,hawaii_Kanonone-Kalipoa (Ka Lae) NRA,0.0,0.03,0.07,0.1,7.0,0
hawaii,Fish,0.6,hawaii_Kanonone-Kalipoa (Ka Lae) NRA,0.0,0.03,0.07,0.1,7.0,0
hawaii,Fish,0.7,hawaii_Kanonone-Kalipoa (Ka Lae) NRA,0.0,0.03,0.07,0.1,7.0,0
hawaii,Turbidity,0.0,hawaii_Kanonone-Kalipoa (Ka Lae) NRA,0.0,0.03,0.07,0.1,7.0,0
hawaii,Turbidity,0.1,hawaii_Kanonone-Kalipoa (Ka Lae) NRA,0.0,0.03,0.07,0.1,7.0,0
hawaii,Turbidity,0.2,hawaii_Kanonone-Kalipoa (Ka Lae) NRA,0.0,0.05,0.2,0.2,20.0,0
hawaii,Turbidity,0.3,hawaii_Kanonone-Kalipoa (Ka Lae) NRA,0.0,0.05,0.2,0.2,20.0,0
hawaii,Turbidity,0.4,hawaii_Kanonone-Kalipoa (Ka Lae) NRA,0.0,0.05,0.2,0.2,20.0,0
hawaii,Turbidity,0.5,hawaii_Kanonone-Kalipoa (Ka Lae) NRA,0.0,0.05,0.2,0.2,20.0,0
hawaii,Coral size,5.0,hawaii_Kaula Rock (BRFA A),0.0,0.0,0.0,0.0,0.0,0
hawaii,Coral size,15.0,hawaii_Kaula Rock (BRFA A),0.0,0.0,0.0,0.0,0.0,0
hawaii,Coral size,25.0,hawaii_Kaula Rock (BRFA A),0.0,0.0,0.01,0.03,1.0,0
hawaii,Coral size,35.0,hawaii_Kaula Rock (BRFA A),0.0,0.0,0.01,0.04,1.0,0
hawaii,Coral size,45.0,hawaii_Kaula Rock (BRFA A),0.0,0.0,0.01,0.07049999999999995,1.0,0
hawaii,Coral size,55.0,hawaii_Kaula Rock (BRFA A),0.0,0.0,0.01,0.0809999999999999,1.0,0
hawaii,Coral size,65.0,hawaii_Kaula Rock (BRFA A),0.0,0.0,0.02,0.4959999999999996,2.0,0
hawaii,Development,0.0,hawaii_Kaula Rock (BRFA A),0.0,0.0,0.06625,0.8609999999999999,6.5,0
hawaii,Development,0.1,hawaii_Kaula Rock (BRFA A),0.0,0.0075,0.345,0.5169999999999999,34.5,0
hawaii,Development,0.2,hawaii_Kaula Rock (BRFA A),0.0,0.215,0.32,0.47,32.0,0
hawaii,Development,0.3,hawaii_Kaula Rock (BRFA A),0.0,0.22,0.32,0.47,32.0,0
hawaii,Development,0.4,hawaii_Kaula Rock (BRFA A),0.0,0.2075,0.32,0.47,32.0,0
hawaii,Development,0.5,hawaii_Kaula Rock (BRFA A),0.0,0.2075,0.32,0.47,32.0,0
hawaii,Development,0.6,hawaii_Kaula Rock (BRFA A),0.0,0.2075,0.31,0.47,31.0,0
hawaii,Development,0.7,hawaii_Kaula Rock (BRFA A),0.0,0.2075,0.31,0.47,31.0,0
hawaii,Development,0.8,hawaii_Kaula Rock (BRFA A),0.0,0.2075,0.31,0.47,31.0,0
hawaii,Development,0.9,hawaii_Kaula Rock (BRFA A),0.0,0.2075,0.31,0.47,31.0,0
hawaii,Development,1.0,hawaii_Kaula Rock (BRFA A),0.0,0.2075,0.31,0.47,31.0,0
hawaii,Fish,0.1,hawaii_Kaula Rock (BRFA A),0.0,0.155,0.3125,0.47,31.0,0
hawaii,Fish,0.2,hawaii_Kaula Rock (BRFA A),0.0,0.2175,0.32,0.4709999999999999,32.0,0
hawaii,Fish,0.3,hawaii_Kaula Rock (BRFA A),0.0,0.075,0.23,0.48,23.0,0
hawaii,Fish,0.4,hawaii_Kaula Rock (BRFA A),0.0,0.08,0.16999999999999998,0.4149999999999991,17.0,0
hawaii,Fish,0.5,hawaii_Kaula Rock (BRFA A),0.0,0.08,0.16999999999999998,0.4149999999999991,17.0,0
hawaii,Fish,0.6,hawaii_Kaula Rock (BRFA A),0.0,0.08,0.16999999999999998,0.4149999999999991,17.0,0
hawaii,Fish,0.7,hawaii_Kaula Rock (BRFA A),0.0,0.08,0.16999999999999998,0.4149999999999991,17.0,0
hawaii,Turbidity,0.0,hawaii_Kaula Rock (BRFA A),0.0,0.08,0.16999999999999998,0.4149999999999991,17.0,0
hawaii,Turbidity,0.1,hawaii_Kaula Rock (BRFA A),0.0,0.08,0.23,0.23,23.0,0
hawaii,Turbidity,0.2,hawaii_Kaula Rock (BRFA A),0.0,0.08,0.23,0.23,23.0,0
hawaii,Turbidity,0.3,hawaii_Kaula Rock (BRFA A),0.0,0.08,0.23,0.23,23.0,0
hawaii,Turbidity,0.4,hawaii_Kaula Rock (BRFA A),0.0,0.06,0.23,0.23,23.0,0
hawaii,Turbidity,0.5,hawaii_Kaula Rock (BRFA A),0.0,0.06,0.23,0.23,23.0,0
hawaii,Coral size,5.0,hawaii_Kaunakakai Harbor FMA: Area 1A,5.0,0.02,0.04,0.06,-1.0,0
hawaii,Coral size,15.0,hawaii_Kaunakakai Harbor FMA: Area 1A,5.0,0.03,0.04,0.06,-1.0,0
hawaii,Coral size,25.0,hawaii_Kaunakakai Harbor FMA: Area 1A,5.0,0.135,0.33,0.45,28.0,0
hawaii,Coral size,35.0,hawaii_Kaunakakai Harbor FMA: Area 1A,5.0,0.28,0.34,0.35,29.0,0
hawaii,Coral size,45.0,hawaii_Kaunakakai Harbor FMA: Area 1A,5.0,0.31,0.34,0.35,29.0,0
hawaii,Coral size,55.0,hawaii_Kaunakakai Harbor FMA: Area 1A,5.0,0.32,0.35,0.35,30.0,0
hawaii,Coral size,65.0,hawaii_Kaunakakai Harbor FMA: Area 1A,5.0,0.32,0.35,0.35,30.0,0
hawaii,Development,0.0,hawaii_Kaunakakai Harbor FMA: Area 1A,5.0,0.98,0.99,0.99,94.0,0
hawaii,Development,0.1,hawaii_Kaunakakai Harbor FMA: Area 1A,5.0,0.805,0.98,0.99,93.0,0
hawaii,Development,0.2,hawaii_Kaunakakai Harbor FMA: Area 1A,5.0,0.32,0.35,0.35,30.0,0
hawaii,Development,0.3,hawaii_Kaunakakai Harbor FMA: Area 1A,5.0,0.315,0.34,0.35,29.0,0
hawaii,Development,0.4,hawaii_Kaunakakai Harbor FMA: Area 1A,5.0,0.31,0.34,0.35,29.0,0
hawaii,Development,0.5,hawaii_Kaunakakai Harbor FMA: Area 1A,5.0,0.31,0.34,0.35,29.0,0
hawaii,Development,0.6,hawaii_Kaunakakai Harbor FMA: Area 1A,5.0,0.25,0.285,0.34,24.0,0
hawaii,Development,0.7,hawaii_Kaunakakai Harbor FMA: Area 1A,5.0,0.25,0.285,0.34,24.0,0
hawaii,Development,0.8,hawaii_Kaunakakai Harbor FMA: Area 1A,5.0,0.25,0.285,0.34,24.0,0
hawaii,Development,0.9,hawaii_Kaunakakai Harbor FMA: Area 1A,5.0,0.25,0.285,0.34,24.0,0
hawaii,Development,1.0,hawaii_Kaunakakai Harbor FMA: Area 1A,5.0,0.25,0.285,0.34,24.0,0
hawaii,Fish,0.1,hawaii_Kaunakakai Harbor FMA: Area 1A,5.0,0.215,0.27,0.35,22.0,0
hawaii,Fish,0.2,hawaii_Kaunakakai Harbor FMA: Area 1A,5.0,0.26,0.3,0.35,25.0,0
hawaii,Fish,0.3,hawaii_Kaunakakai Harbor FMA: Area 1A,5.0,0.35,0.83,0.85,78.0,0
hawaii,Fish,0.4,hawaii_Kaunakakai Harbor FMA: Area 1A,5.0,0.34,0.83,0.85,78.0,0
hawaii,Fish,0.5,hawaii_Kaunakakai Harbor FMA: Area 1A,5.0,0.34,0.83,0.85,78.0,0
hawaii,Fish,0.6,hawaii_Kaunakakai Harbor FMA: Area 1A,5.0,0.34,0.83,0.85,78.0,0
hawaii,Fish,0.7,hawaii_Kaunakakai Harbor FMA: Area 1A,5.0,0.34,0.83,0.85,78.0,0
hawaii,Turbidity,0.0,hawaii_Kaunakakai Harbor FMA: Area 1A,5.0,0.61,0.83,0.85,78.0,0
hawaii,Turbidity,0.1,hawaii_Kaunakakai Harbor FMA: Area 1A,5.0,0.335,0.83,0.85,78.0,0
hawaii,Turbidity,0.2,hawaii_Kaunakakai Harbor FMA: Area 1A,5.0,0.34,0.83,0.85,78.0,0
hawaii,Turbidity,0.3,hawaii_Kaunakakai Harbor FMA: Area 1A,5.0,0.34,0.83,0.85,78.0,0
hawaii,Turbidity,0.4,hawaii_Kaunakakai Harbor FMA: Area 1A,5.0,0.34,0.83,0.85,78.0,0
hawaii,Turbidity,0.5,hawaii_Kaunakakai Harbor FMA: Area 1A,5.0,0.34,0.83,0.85,78.0,0
hawaii,Coral size,5.0,hawaii_Kaunakakai Harbor FMA: Area 1B,5.0,0.02,0.04,0.06,-1.0,0
hawaii,Coral size,15.0,hawaii_Kaunakakai Harbor FMA: Area 1B,5.0,0.03,0.04,0.06,-1.0,0
hawaii,Coral size,25.0,hawaii_Kaunakakai Harbor FMA: Area 1B,5.0,0.135,0.33,0.45,28.0,0
hawaii,Coral size,35.0,hawaii_Kaunakakai Harbor FMA: Area 1B,5.0,0.28,0.34,0.35,29.0,0
hawaii,Coral size,45.0,hawaii_Kaunakakai Harbor FMA: Area 1B,5.0,0.31,0.34,0.35,29.0,0
hawaii,Coral size,55.0,hawaii_Kaunakakai Harbor FMA: Area 1B,5.0,0.32,0.35,0.35,30.0,0
hawaii,Coral size,65.0,hawaii_Kaunakakai Harbor FMA: Area 1B,5.0,0.32,0.35,0.35,30.0,0
hawaii,Development,0.0,hawaii_Kaunakakai Harbor FMA: Area 1B,5.0,0.98,0.99,0.99,94.0,0
hawaii,Development,0.1,hawaii_Kaunakakai Harbor FMA: Area 1B,5.0,0.805,0.98,0.99,93.0,0
hawaii,Development,0.2,hawaii_Kaunakakai Harbor FMA: Area 1B,5.0,0.32,0.35,0.35,30.0,0
hawaii,Development,0.3,hawaii_Kaunakakai Harbor FMA: Area 1B,5.0,0.315,0.34,0.35,29.0,0
hawaii,Development,0.4,hawaii_Kaunakakai Harbor FMA: Area 1B,5.0,0.31,0.34,0.35,29.0,0
hawaii,Development,0.5,hawaii_Kaunakakai Harbor FMA: Area 1B,5.0,0.31,0.34,0.35,29.0,0
hawaii,Development,0.6,hawaii_Kaunakakai Harbor FMA: Area 1B,5.0,0.25,0.285,0.34,24.0,0
hawaii,Development,0.7,hawaii_Kaunakakai Harbor FMA: Area 1B,5.0,0.25,0.285,0.34,24.0,0
hawaii,Development,0.8,hawaii_Kaunakakai Harbor FMA: Area 1B,5.0,0.25,0.285,0.34,24.0,0
hawaii,Development,0.9,hawaii_Kaunakakai Harbor FMA: Area 1B,5.0,0.25,0.285,0.34,24.0,0
hawaii,Development,1.0,hawaii_Kaunakakai Harbor FMA: Area 1B,5.0,0.25,0.285,0.34,24.0,0
hawaii,Fish,0.1,hawaii_Kaunakakai Harbor FMA: Area 1B,5.0,0.215,0.27,0.35,22.0,0
hawaii,Fish,0.2,hawaii_Kaunakakai Harbor FMA: Area 1B,5.0,0.26,0.3,0.35,25.0,0
hawaii,Fish,0.3,hawaii_Kaunakakai Harbor FMA: Area 1B,5.0,0.35,0.83,0.85,78.0,0
hawaii,Fish,0.4,hawaii_Kaunakakai Harbor FMA: Area 1B,5.0,0.34,0.83,0.85,78.0,0
hawaii,Fish,0.5,hawaii_Kaunakakai Harbor FMA: Area 1B,5.0,0.34,0.83,0.85,78.0,0
hawaii,Fish,0.6,hawaii_Kaunakakai Harbor FMA: Area 1B,5.0,0.34,0.83,0.85,78.0,0
hawaii,Fish,0.7,hawaii_Kaunakakai Harbor FMA: Area 1B,5.0,0.34,0.83,0.85,78.0,0
hawaii,Turbidity,0.0,hawaii_Kaunakakai Harbor FMA: Area 1B,5.0,0.61,0.83,0.85,78.0,0
hawaii,Turbidity,0.1,hawaii_Kaunakakai Harbor FMA: Area 1B,5.0,0.335,0.83,0.85,78.0,0
hawaii,Turbidity,0.2,hawaii_Kaunakakai Harbor FMA: Area 1B,5.0,0.34,0.83,0.85,78.0,0
hawaii,Turbidity,0.3,hawaii_Kaunakakai Harbor FMA: Area 1B,5.0,0.34,0.83,0.85,78.0,0
hawaii,Turbidity,0.4,hawaii_Kaunakakai Harbor FMA: Area 1B,5.0,0.34,0.83,0.85,78.0,0
hawaii,Turbidity,0.5,hawaii_Kaunakakai Harbor FMA: Area 1B,5.0,0.34,0.83,0.85,78.0,0
hawaii,Coral size,5.0,hawaii_Kaunakakai Harbor FMA: Area 2,5.0,0.02,0.04,0.06,-1.0,0
hawaii,Coral size,15.0,hawaii_Kaunakakai Harbor FMA: Area 2,5.0,0.03,0.04,0.06,-1.0,0
hawaii,Coral size,25.0,hawaii_Kaunakakai Harbor FMA: Area 2,5.0,0.135,0.33,0.45,28.0,0
hawaii,Coral size,35.0,hawaii_Kaunakakai Harbor FMA: Area 2,5.0,0.28,0.34,0.35,29.0,0
hawaii,Coral size,45.0,hawaii_Kaunakakai Harbor FMA: Area 2,5.0,0.31,0.34,0.35,29.0,0
hawaii,Coral size,55.0,hawaii_Kaunakakai Harbor FMA: Area 2,5.0,0.32,0.35,0.35,30.0,0
hawaii,Coral size,65.0,hawaii_Kaunakakai Harbor FMA: Area 2,5.0,0.32,0.35,0.35,30.0,0
hawaii,Development,0.0,hawaii_Kaunakakai Harbor FMA: Area 2,5.0,0.98,0.99,0.99,94.0,0
hawaii,Development,0.1,hawaii_Kaunakakai Harbor FMA: Area 2,5.0,0.805,0.98,0.99,93.0,0
hawaii,Development,0.2,hawaii_Kaunakakai Harbor FMA: Area 2,5.0,0.32,0.35,0.35,30.0,0
hawaii,Development,0.3,hawaii_Kaunakakai Harbor FMA: Area 2,5.0,0.315,0.34,0.35,29.0,0
hawaii,Development,0.4,hawaii_Kaunakakai Harbor FMA: Area 2,5.0,0.31,0.34,0.35,29.0,0
hawaii,Development,0.5,hawaii_Kaunakakai Harbor FMA: Area 2,5.0,0.31,0.34,0.35,29.0,0
hawaii,Development,0.6,hawaii_Kaunakakai Harbor FMA: Area 2,5.0,0.25,0.285,0.34,24.0,0
hawaii,Development,0.7,hawaii_Kaunakakai Harbor FMA: Area 2,5.0,0.25,0.285,0.34,24.0,0
hawaii,Development,0.8,hawaii_Kaunakakai Harbor FMA: Area 2,5.0,0.25,0.285,0.34,24.0,0
hawaii,Development,0.9,hawaii_Kaunakakai Harbor FMA: Area 2,5.0,0.25,0.285,0.34,24.0,0
hawaii,Development,1.0,hawaii_Kaunakakai Harbor FMA: Area 2,5.0,0.25,0.285,0.34,24.0,0
hawaii,Fish,0.1,hawaii_Kaunakakai Harbor FMA: Area 2,5.0,0.215,0.27,0.35,22.0,0
hawaii,Fish,0.2,hawaii_Kaunakakai Harbor FMA: Area 2,5.0,0.26,0.3,0.35,25.0,0
hawaii,Fish,0.3,hawaii_Kaunakakai Harbor FMA: Area 2,5.0,0.35,0.83,0.85,78.0,0
hawaii,Fish,0.4,hawaii_Kaunakakai Harbor FMA: Area 2,5.0,0.34,0.83,0.85,78.0,0
hawaii,Fish,0.5,hawaii_Kaunakakai Harbor FMA: Area 2,5.0,0.34,0.83,0.85,78.0,0
hawaii,Fish,0.6,hawaii_Kaunakakai Harbor FMA: Area 2,5.0,0.34,0.83,0.85,78.0,0
hawaii,Fish,0.7,hawaii_Kaunakakai Harbor FMA: Area 2,5.0,0.34,0.83,0.85,78.0,0
hawaii,Turbidity,0.0,hawaii_Kaunakakai Harbor FMA: Area 2,5.0,0.61,0.83,0.85,78.0,0
hawaii,Turbidity,0.1,hawaii_Kaunakakai Harbor FMA: Area 2,5.0,0.335,0.83,0.85,78.0,0
hawaii,Turbidity,0.2,hawaii_Kaunakakai Harbor FMA: Area 2,5.0,0.34,0.83,0.85,78.0,0
hawaii,Turbidity,0.3,hawaii_Kaunakakai Harbor FMA: Area 2,5.0,0.34,0.83,0.85,78.0,0
hawaii,Turbidity,0.4,hawaii_Kaunakakai Harbor FMA: Area 2,5.0,0.34,0.83,0.85,78.0,0
hawaii,Turbidity,0.5,hawaii_Kaunakakai Harbor FMA: Area 2,5.0,0.34,0.83,0.85,78.0,0
hawaii,Coral size,5.0,hawaii_Kauplehu Marine Reserve,0.0,0.0,0.2,0.2,20.0,0
hawaii,Coral size,15.0,hawaii_Kauplehu Marine Reserve,0.0,0.0,0.0,0.0,0.0,0
hawaii,Coral size,25.0,hawaii_Kauplehu Marine Reserve,0.0,0.0,0.0025,0.02,0.0,0
hawaii,Coral size,35.0,hawaii_Kauplehu Marine Reserve,0.0,0.0,0.0,0.01,0.0,0
hawaii,Coral size,45.0,hawaii_Kauplehu Marine Reserve,0.0,0.0,0.0,0.01,0.0,0
hawaii,Coral size,55.0,hawaii_Kauplehu Marine Reserve,0.0,0.0,0.0,0.01,0.0,0
hawaii,Coral size,65.0,hawaii_Kauplehu Marine Reserve,0.0,0.01,0.02,0.05,2.0,0
hawaii,Development,0.0,hawaii_Kauplehu Marine Reserve,0.0,0.01,0.02,0.05,2.0,0
hawaii,Development,0.1,hawaii_Kauplehu Marine Reserve,0.0,0.01,0.02,0.05,2.0,0
hawaii,Development,0.2,hawaii_Kauplehu Marine Reserve,0.0,0.01,0.02,0.05,2.0,0
hawaii,Development,0.3,hawaii_Kauplehu Marine Reserve,0.0,0.02,0.02,0.05,2.0,0
hawaii,Development,0.4,hawaii_Kauplehu Marine Reserve,0.0,0.02,0.02,0.05,2.0,0
hawaii,Development,0.5,hawaii_Kauplehu Marine Reserve,0.0,0.02,0.02,0.05,2.0,0
hawaii,Development,0.6,hawaii_Kauplehu Marine Reserve,0.0,0.02,0.02,0.05,2.0,0
hawaii,Development,0.7,hawaii_Kauplehu Marine Reserve,0.0,0.02,0.02,0.05,2.0,0
hawaii,Development,0.8,hawaii_Kauplehu Marine Reserve,0.0,0.02,0.02,0.05,2.0,0
hawaii,Development,0.9,hawaii_Kauplehu Marine Reserve,0.0,0.02,0.02,0.05,2.0,0
hawaii,Development,1.0,hawaii_Kauplehu Marine Reserve,0.0,0.02,0.02,0.05,2.0,0
hawaii,Fish,0.1,hawaii_Kauplehu Marine Reserve,0.0,0.02,0.05,0.27,5.0,0
hawaii,Fish,0.2,hawaii_Kauplehu Marine Reserve,0.0,0.02,0.05,0.27,5.0,0
hawaii,Fish,0.3,hawaii_Kauplehu Marine Reserve,0.0,0.02,0.02,0.05,2.0,0
hawaii,Fish,0.4,hawaii_Kauplehu Marine Reserve,0.0,0.02,0.02,0.05,2.0,0
hawaii,Fish,0.5,hawaii_Kauplehu Marine Reserve,0.0,0.02,0.02,0.05,2.0,0
hawaii,Fish,0.6,hawaii_Kauplehu Marine Reserve,0.0,0.02,0.02,0.05,2.0,0
hawaii,Fish,0.7,hawaii_Kauplehu Marine Reserve,0.0,0.02,0.02,0.05,2.0,0
hawaii,Turbidity,0.0,hawaii_Kauplehu Marine Reserve,0.0,0.02,0.02,0.05,2.0,0
hawaii,Turbidity,0.1,hawaii_Kauplehu Marine Reserve,0.0,0.02,0.02,0.05,2.0,0
hawaii,Turbidity,0.2,hawaii_Kauplehu Marine Reserve,0.0,0.02,0.2,0.2,20.0,0
hawaii,Turbidity,0.3,hawaii_Kauplehu Marine Reserve,0.0,0.02,0.2,0.2,20.0,0
hawaii,Turbidity,0.4,hawaii_Kauplehu Marine Reserve,0.0,0.02,0.2,0.2,20.0,0
hawaii,Turbidity,0.5,hawaii_Kauplehu Marine Reserve,0.0,0.02,0.2,0.2,20.0,0
hawaii,Coral size,5.0,hawaii_Kealakekua Bay MLCD: Zone A,0.0,0.0,0.2,0.2,20.0,0
hawaii,Coral size,15.0,hawaii_Kealakekua Bay MLCD: Zone A,0.0,0.0,0.0,0.0,0.0,0
hawaii,Coral size,25.0,hawaii_Kealakekua Bay MLCD: Zone A,0.0,0.0,0.0,0.01,0.0,0
hawaii,Coral size,35.0,hawaii_Kealakekua Bay MLCD: Zone A,0.0,0.0,0.0,0.0009999999999999,0.0,0
hawaii,Coral size,45.0,hawaii_Kealakekua Bay MLCD: Zone A,0.0,0.0,0.0,0.0009999999999999,0.0,0
hawaii,Coral size,55.0,hawaii_Kealakekua Bay MLCD: Zone A,0.0,0.0,0.0,0.0009999999999999,0.0,0
hawaii,Coral size,65.0,hawaii_Kealakekua Bay MLCD: Zone A,0.0,0.01,0.02,0.05,2.0,0
hawaii,Development,0.0,hawaii_Kealakekua Bay MLCD: Zone A,0.0,0.01,0.03,0.05,3.0,0
hawaii,Development,0.1,hawaii_Kealakekua Bay MLCD: Zone A,0.0,0.01,0.02,0.05,2.0,0
hawaii,Development,0.2,hawaii_Kealakekua Bay MLCD: Zone A,0.0,0.01,0.02,0.05,2.0,0
hawaii,Development,0.3,hawaii_Kealakekua Bay MLCD: Zone A,0.0,0.01,0.02,0.05,2.0,0
hawaii,Development,0.4,hawaii_Kealakekua Bay MLCD: Zone A,0.0,0.01,0.02,0.05,2.0,0
hawaii,Development,0.5,hawaii_Kealakekua Bay MLCD: Zone A,0.0,0.01,0.02,0.05,2.0,0
hawaii,Development,0.6,hawaii_Kealakekua Bay MLCD: Zone A,0.0,0.01,0.02,0.05,2.0,0
hawaii,Development,0.7,hawaii_Kealakekua Bay MLCD: Zone A,0.0,0.01,0.02,0.05,2.0,0
hawaii,Development,0.8,hawaii_Kealakekua Bay MLCD: Zone A,0.0,0.01,0.02,0.05,2.0,0
hawaii,Development,0.9,hawaii_Kealakekua Bay MLCD: Zone A,0.0,0.01,0.02,0.05,2.0,0
hawaii,Development,1.0,hawaii_Kealakekua Bay MLCD: Zone A,0.0,0.01,0.02,0.05,2.0,0
hawaii,Fish,0.1,hawaii_Kealakekua Bay MLCD: Zone A,0.0,0.02,0.0775,0.32,8.0,0
hawaii,Fish,0.2,hawaii_Kealakekua Bay MLCD: Zone A,0.0,0.02,0.1,0.3109999999999999,10.0,0
hawaii,Fish,0.3,hawaii_Kealakekua Bay MLCD: Zone A,0.0,0.01,0.02,0.05,2.0,0
hawaii,Fish,0.4,hawaii_Kealakekua Bay MLCD: Zone A,0.0,0.01,0.02,0.05,2.0,0
hawaii,Fish,0.5,hawaii_Kealakekua Bay MLCD: Zone A,0.0,0.01,0.02,0.05,2.0,0
hawaii,Fish,0.6,hawaii_Kealakekua Bay MLCD: Zone A,0.0,0.01,0.02,0.05,2.0,0
hawaii,Fish,0.7,hawaii_Kealakekua Bay MLCD: Zone A,0.0,0.01,0.02,0.05,2.0,0
hawaii,Turbidity,0.0,hawaii_Kealakekua Bay MLCD: Zone A,0.0,0.01,0.02,0.05,2.0,0
hawaii,Turbidity,0.1,hawaii_Kealakekua Bay MLCD: Zone A,0.0,0.01,0.02,0.05,2.0,0
hawaii,Turbidity,0.2,hawaii_Kealakekua Bay MLCD: Zone A,0.0,0.02,0.2,0.2,20.0,0
hawaii,Turbidity,0.3,hawaii_Kealakekua Bay MLCD: Zone A,0.0,0.02,0.2,0.2,20.0,0
hawaii,Turbidity,0.4,hawaii_Kealakekua Bay MLCD: Zone A,0.0,0.02,0.2,0.2,20.0,0
hawaii,Turbidity,0.5,hawaii_Kealakekua Bay MLCD: Zone A,0.0,0.02,0.2,0.2,20.0,0
hawaii,Coral size,5.0,hawaii_Kealakekua Bay MLCD: Zone B,0.0,0.0,0.2,0.2,20.0,0
hawaii,Coral size,15.0,hawaii_Kealakekua Bay MLCD: Zone B,0.0,0.0,0.0,0.0,0.0,0
hawaii,Coral size,25.0,hawaii_Kealakekua Bay MLCD: Zone B,0.0,0.0,0.0,0.01,0.0,0
hawaii,Coral size,35.0,hawaii_Kealakekua Bay MLCD: Zone B,0.0,0.0,0.0,0.0009999999999999,0.0,0
hawaii,Coral size,45.0,hawaii_Kealakekua Bay MLCD: Zone B,0.0,0.0,0.0,0.0009999999999999,0.0,0
hawaii,Coral size,55.0,hawaii_Kealakekua Bay MLCD: Zone B,0.0,0.0,0.0,0.0009999999999999,0.0,0
hawaii,Coral size,65.0,hawaii_Kealakekua Bay MLCD: Zone B,0.0,0.01,0.02,0.05,2.0,0
hawaii,Development,0.0,hawaii_Kealakekua Bay MLCD: Zone B,0.0,0.01,0.03,0.05,3.0,0
hawaii,Development,0.1,hawaii_Kealakekua Bay MLCD: Zone B,0.0,0.01,0.02,0.05,2.0,0
hawaii,Development,0.2,hawaii_Kealakekua Bay MLCD: Zone B,0.0,0.01,0.02,0.05,2.0,0
hawaii,Development,0.3,hawaii_Kealakekua Bay MLCD: Zone B,0.0,0.01,0.02,0.05,2.0,0
hawaii,Development,0.4,hawaii_Kealakekua Bay MLCD: Zone B,0.0,0.01,0.02,0.05,2.0,0
hawaii,Development,0.5,hawaii_Kealakekua Bay MLCD: Zone B,0.0,0.01,0.02,0.05,2.0,0
hawaii,Development,0.6,hawaii_Kealakekua Bay MLCD: Zone B,0.0,0.01,0.02,0.05,2.0,0
hawaii,Development,0.7,hawaii_Kealakekua Bay MLCD: Zone B,0.0,0.01,0.02,0.05,2.0,0
hawaii,Development,0.8,hawaii_Kealakekua Bay MLCD: Zone B,0.0,0.01,0.02,0.05,2.0,0
hawaii,Development,0.9,hawaii_Kealakekua Bay MLCD: Zone B,0.0,0.01,0.02,0.05,2.0,0
hawaii,Development,1.0,hawaii_Kealakekua Bay MLCD: Zone B,0.0,0.01,0.02,0.05,2.0,0
hawaii,Fish,0.1,hawaii_Kealakekua Bay MLCD: Zone B,0.0,0.02,0.0775,0.32,8.0,0
hawaii,Fish,0.2,hawaii_Kealakekua Bay MLCD: Zone B,0.0,0.02,0.1,0.3109999999999999,10.0,0
hawaii,Fish,0.3,hawaii_Kealakekua Bay MLCD: Zone B,0.0,0.01,0.02,0.05,2.0,0
hawaii,Fish,0.4,hawaii_Kealakekua Bay MLCD: Zone B,0.0,0.01,0.02,0.05,2.0,0
hawaii,Fish,0.5,hawaii_Kealakekua Bay MLCD: Zone B,0.0,0.01,0.02,0.05,2.0,0
hawaii,Fish,0.6,hawaii_Kealakekua Bay MLCD: Zone B,0.0,0.01,0.02,0.05,2.0,0
hawaii,Fish,0.7,hawaii_Kealakekua Bay MLCD: Zone B,0.0,0.01,0.02,0.05,2.0,0
hawaii,Turbidity,0.0,hawaii_Kealakekua Bay MLCD: Zone B,0.0,0.01,0.02,0.05,2.0,0
hawaii,Turbidity,0.1,hawaii_Kealakekua Bay MLCD: Zone B,0.0,0.01,0.02,0.05,2.0,0
hawaii,Turbidity,0.2,hawaii_Kealakekua Bay MLCD: Zone B,0.0,0.02,0.2,0.2,20.0,0
hawaii,Turbidity,0.3,hawaii_Kealakekua Bay MLCD: Zone B,0.0,0.02,0.2,0.2,20.0,0
hawaii,Turbidity,0.4,hawaii_Kealakekua Bay MLCD: Zone B,0.0,0.02,0.2,0.2,20.0,0
hawaii,Turbidity,0.5,hawaii_Kealakekua Bay MLCD: Zone B,0.0,0.02,0.2,0.2,20.0,0
hawaii,Coral size,5.0,hawaii_Keauhou Bay FMA,0.0,0.0,0.2,0.2,20.0,0
hawaii,Coral size,15.0,hawaii_Keauhou Bay FMA,0.0,0.0,0.0,0.0,0.0,0
hawaii,Coral size,25.0,hawaii_Keauhou Bay FMA,0.0,0.0,0.0,0.05,0.0,0
hawaii,Coral size,35.0,hawaii_Keauhou Bay FMA,0.0,0.0,0.0,0.0509999999999999,0.0,0
hawaii,Coral size,45.0,hawaii_Keauhou Bay FMA,0.0,0.0,0.0,0.0509999999999999,0.0,0
hawaii,Coral size,55.0,hawaii_Keauhou Bay FMA,0.0,0.0,0.0,0.0509999999999999,0.0,0
hawaii,Coral size,65.0,hawaii_Keauhou Bay FMA,0.0,0.01,0.03,0.06,3.0,0
hawaii,Development,0.0,hawaii_Keauhou Bay FMA,0.0,0.02,0.03,0.0609999999999999,3.0,0
hawaii,Development,0.1,hawaii_Keauhou Bay FMA,0.0,0.01,0.03,0.06,3.0,0
hawaii,Development,0.2,hawaii_Keauhou Bay FMA,0.0,0.01,0.03,0.06,3.0,0
hawaii,Development,0.3,hawaii_Keauhou Bay FMA,0.0,0.02,0.03,0.06,3.0,0
hawaii,Development,0.4,hawaii_Keauhou Bay FMA,0.0,0.02,0.03,0.06,3.0,0
hawaii,Development,0.5,hawaii_Keauhou Bay FMA,0.0,0.02,0.03,0.06,3.0,0
hawaii,Development,0.6,hawaii_Keauhou Bay FMA,0.0,0.02,0.03,0.06,3.0,0
hawaii,Development,0.7,hawaii_Keauhou Bay FMA,0.0,0.02,0.03,0.06,3.0,0
hawaii,Development,0.8,hawaii_Keauhou Bay FMA,0.0,0.02,0.03,0.06,3.0,0
hawaii,Development,0.9,hawaii_Keauhou Bay FMA,0.0,0.02,0.03,0.06,3.0,0
hawaii,Development,1.0,hawaii_Keauhou Bay FMA,0.0,0.02,0.03,0.06,3.0,0
hawaii,Fish,0.1,hawaii_Keauhou Bay FMA,0.0,0.02,0.05,0.2519999999999999,5.0,0
hawaii,Fish,0.2,hawaii_Keauhou Bay FMA,0.0,0.02,0.05,0.2519999999999999,5.0,0
hawaii,Fish,0.3,hawaii_Keauhou Bay FMA,0.0,0.02,0.03,0.06,3.0,0
hawaii,Fish,0.4,hawaii_Keauhou Bay FMA,0.0,0.02,0.03,0.06,3.0,0
hawaii,Fish,0.5,hawaii_Keauhou Bay FMA,0.0,0.02,0.03,0.06,3.0,0
hawaii,Fish,0.6,hawaii_Keauhou Bay FMA,0.0,0.02,0.03,0.06,3.0,0
hawaii,Fish,0.7,hawaii_Keauhou Bay FMA,0.0,0.02,0.03,0.06,3.0,0
hawaii,Turbidity,0.0,hawaii_Keauhou Bay FMA,0.0,0.02,0.03,0.06,3.0,0
hawaii,Turbidity,0.1,hawaii_Keauhou Bay FMA,0.0,0.02,0.03,0.06,3.0,0
hawaii,Turbidity,0.2,hawaii_Keauhou Bay FMA,0.0,0.02,0.2,0.2,20.0,0
hawaii,Turbidity,0.3,hawaii_Keauhou Bay FMA,0.0,0.02,0.2,0.2,20.0,0
hawaii,Turbidity,0.4,hawaii_Keauhou Bay FMA,0.0,0.02,0.2,0.2,20.0,0
hawaii,Turbidity,0.5,hawaii_Keauhou Bay FMA,0.0,0.02,0.2,0.2,20.0,0
hawaii,Coral size,5.0,hawaii_Keauhou Bay FMA: Thrownetting Zone,0.0,0.0,0.2,0.2,20.0,0
hawaii,Coral size,15.0,hawaii_Keauhou Bay FMA: Thrownetting Zone,0.0,0.0,0.0,0.0,0.0,0
hawaii,Coral size,25.0,hawaii_Keauhou Bay FMA: Thrownetting Zone,0.0,0.0,0.0,0.05,0.0,0
hawaii,Coral size,35.0,hawaii_Keauhou Bay FMA: Thrownetting Zone,0.0,0.0,0.0,0.0509999999999999,0.0,0
hawaii,Coral size,45.0,hawaii_Keauhou Bay FMA: Thrownetting Zone,0.0,0.0,0.0,0.0509999999999999,0.0,0
hawaii,Coral size,55.0,hawaii_Keauhou Bay FMA: Thrownetting Zone,0.0,0.0,0.0,0.0509999999999999,0.0,0
hawaii,Coral size,65.0,hawaii_Keauhou Bay FMA: Thrownetting Zone,0.0,0.01,0.03,0.06,3.0,0
hawaii,Development,0.0,hawaii_Keauhou Bay FMA: Thrownetting Zone,0.0,0.02,0.03,0.0609999999999999,3.0,0
hawaii,Development,0.1,hawaii_Keauhou Bay FMA: Thrownetting Zone,0.0,0.01,0.03,0.06,3.0,0
hawaii,Development,0.2,hawaii_Keauhou Bay FMA: Thrownetting Zone,0.0,0.01,0.03,0.06,3.0,0
hawaii,Development,0.3,hawaii_Keauhou Bay FMA: Thrownetting Zone,0.0,0.02,0.03,0.06,3.0,0
hawaii,Development,0.4,hawaii_Keauhou Bay FMA: Thrownetting Zone,0.0,0.02,0.03,0.06,3.0,0
hawaii,Development,0.5,hawaii_Keauhou Bay FMA: Thrownetting Zone,0.0,0.02,0.03,0.06,3.0,0
hawaii,Development,0.6,hawaii_Keauhou Bay FMA: Thrownetting Zone,0.0,0.02,0.03,0.06,3.0,0
hawaii,Development,0.7,hawaii_Keauhou Bay FMA: Thrownetting Zone,0.0,0.02,0.03,0.06,3.0,0
hawaii,Development,0.8,hawaii_Keauhou Bay FMA: Thrownetting Zone,0.0,0.02,0.03,0.06,3.0,0
hawaii,Development,0.9,hawaii_Keauhou Bay FMA: Thrownetting Zone,0.0,0.02,0.03,0.06,3.0,0
hawaii,Development,1.0,hawaii_Keauhou Bay FMA: Thrownetting Zone,0.0,0.02,0.03,0.06,3.0,0
hawaii,Fish,0.1,hawaii_Keauhou Bay FMA: Thrownetting Zone,0.0,0.02,0.05,0.2519999999999999,5.0,0
hawaii,Fish,0.2,hawaii_Keauhou Bay FMA: Thrownetting Zone,0.0,0.02,0.05,0.2519999999999999,5.0,0
hawaii,Fish,0.3,hawaii_Keauhou Bay FMA: Thrownetting Zone,0.0,0.02,0.03,0.06,3.0,0
hawaii,Fish,0.4,hawaii_Keauhou Bay FMA: Thrownetting Zone,0.0,0.02,0.03,0.06,3.0,0
hawaii,Fish,0.5,hawaii_Keauhou Bay FMA: Thrownetting Zone,0.0,0.02,0.03,0.06,3.0,0
hawaii,Fish,0.6,hawaii_Keauhou Bay FMA: Thrownetting Zone,0.0,0.02,0.03,0.06,3.0,0
hawaii,Fish,0.7,hawaii_Keauhou Bay FMA: Thrownetting Zone,0.0,0.02,0.03,0.06,3.0,0
hawaii,Turbidity,0.0,hawaii_Keauhou Bay FMA: Thrownetting Zone,0.0,0.02,0.03,0.06,3.0,0
hawaii,Turbidity,0.1,hawaii_Keauhou Bay FMA: Thrownetting Zone,0.0,0.02,0.03,0.06,3.0,0
hawaii,Turbidity,0.2,hawaii_Keauhou Bay FMA: Thrownetting Zone,0.0,0.02,0.2,0.2,20.0,0
hawaii,Turbidity,0.3,hawaii_Keauhou Bay FMA: Thrownetting Zone,0.0,0.02,0.2,0.2,20.0,0
hawaii,Turbidity,0.4,hawaii_Keauhou Bay FMA: Thrownetting Zone,0.0,0.02,0.2,0.2,20.0,0
hawaii,Turbidity,0.5,hawaii_Keauhou Bay FMA: Thrownetting Zone,0.0,0.02,0.2,0.2,20.0,0
hawaii,Coral size,5.0,hawaii_Kiholo Bay FMA,0.0,0.0,0.2,0.2,20.0,0
hawaii,Coral size,15.0,hawaii_Kiholo Bay FMA,0.0,0.0,0.0,0.0,0.0,0
hawaii,Coral size,25.0,hawaii_Kiholo Bay FMA,0.0,0.0,0.01,0.0209999999999999,1.0,0
hawaii,Coral size,35.0,hawaii_Kiholo Bay FMA,0.0,0.0,0.0,0.02,0.0,0
hawaii,Coral size,45.0,hawaii_Kiholo Bay FMA,0.0,0.0,0.0,0.02,0.0,0
hawaii,Coral size,55.0,hawaii_Kiholo Bay FMA,0.0,0.0,0.0,0.02,0.0,0
hawaii,Coral size,65.0,hawaii_Kiholo Bay FMA,0.0,0.01,0.02,0.05,2.0,0
hawaii,Development,0.0,hawaii_Kiholo Bay FMA,0.0,0.01,0.02,0.05,2.0,0
hawaii,Development,0.1,hawaii_Kiholo Bay FMA,0.0,0.01,0.02,0.0409999999999999,2.0,0
hawaii,Development,0.2,hawaii_Kiholo Bay FMA,0.0,0.01,0.02,0.0409999999999999,2.0,0
hawaii,Development,0.3,hawaii_Kiholo Bay FMA,0.0,0.02,0.02,0.0409999999999999,2.0,0
hawaii,Development,0.4,hawaii_Kiholo Bay FMA,0.0,0.02,0.02,0.0409999999999999,2.0,0
hawaii,Development,0.5,hawaii_Kiholo Bay FMA,0.0,0.02,0.02,0.0409999999999999,2.0,0
hawaii,Development,0.6,hawaii_Kiholo Bay FMA,0.0,0.02,0.02,0.0409999999999999,2.0,0
hawaii,Development,0.7,hawaii_Kiholo Bay FMA,0.0,0.02,0.02,0.0409999999999999,2.0,0
hawaii,Development,0.8,hawaii_Kiholo Bay FMA,0.0,0.02,0.02,0.0409999999999999,2.0,0
hawaii,Development,0.9,hawaii_Kiholo Bay FMA,0.0,0.02,0.02,0.0409999999999999,2.0,0
hawaii,Development,1.0,hawaii_Kiholo Bay FMA,0.0,0.02,0.02,0.0409999999999999,2.0,0
hawaii,Fish,0.1,hawaii_Kiholo Bay FMA,0.0,0.02,0.06,0.32,6.0,0
hawaii,Fish,0.2,hawaii_Kiholo Bay FMA,0.0,0.02,0.06,0.2919999999999998,6.0,0
hawaii,Fish,0.3,hawaii_Kiholo Bay FMA,0.0,0.015,0.02,0.04,2.0,0
hawaii,Fish,0.4,hawaii_Kiholo Bay FMA,0.0,0.02,0.02,0.0409999999999999,2.0,0
hawaii,Fish,0.5,hawaii_Kiholo Bay FMA,0.0,0.02,0.02,0.0409999999999999,2.0,0
hawaii,Fish,0.6,hawaii_Kiholo Bay FMA,0.0,0.02,0.02,0.0409999999999999,2.0,0
hawaii,Fish,0.7,hawaii_Kiholo Bay FMA,0.0,0.02,0.02,0.0409999999999999,2.0,0
hawaii,Turbidity,0.0,hawaii_Kiholo Bay FMA,0.0,0.02,0.02,0.0409999999999999,2.0,0
hawaii,Turbidity,0.1,hawaii_Kiholo Bay FMA,0.0,0.02,0.02,0.0409999999999999,2.0,0
hawaii,Turbidity,0.2,hawaii_Kiholo Bay FMA,0.0,0.02,0.2,0.2,20.0,0
hawaii,Turbidity,0.3,hawaii_Kiholo Bay FMA,0.0,0.02,0.2,0.2,20.0,0
hawaii,Turbidity,0.4,hawaii_Kiholo Bay FMA,0.0,0.02,0.2,0.2,20.0,0
hawaii,Turbidity,0.5,hawaii_Kiholo Bay FMA,0.0,0.02,0.2,0.2,20.0,0
hawaii,Coral size,5.0,hawaii_Kikaua Pt-Makolea NRA,0.0,0.0,0.2,0.2,20.0,0
hawaii,Coral size,15.0,hawaii_Kikaua Pt-Makolea NRA,0.0,0.0,0.0,0.0,0.0,0
hawaii,Coral size,25.0,hawaii_Kikaua Pt-Makolea NRA,0.0,0.0,0.0,0.00049999999999995,0.0,0
hawaii,Coral size,35.0,hawaii_Kikaua Pt-Makolea NRA,0.0,0.0,0.0,0.0,0.0,0
hawaii,Coral size,45.0,hawaii_Kikaua Pt-Makolea NRA,0.0,0.0,0.0,0.0,0.0,0
hawaii,Coral size,55.0,hawaii_Kikaua Pt-Makolea NRA,0.0,0.0,0.0,0.0,0.0,0
hawaii,Coral size,65.0,hawaii_Kikaua Pt-Makolea NRA,0.0,0.0,0.02,0.045,2.0,0
hawaii,Development,0.0,hawaii_Kikaua Pt-Makolea NRA,0.0,0.0,0.02,0.05,2.0,0
hawaii,Development,0.1,hawaii_Kikaua Pt-Makolea NRA,0.0,0.01,0.02,0.04049999999999995,2.0,0
hawaii,Development,0.2,hawaii_Kikaua Pt-Makolea NRA,0.0,0.01,0.02,0.04049999999999995,2.0,0
hawaii,Development,0.3,hawaii_Kikaua Pt-Makolea NRA,0.0,0.01,0.02,0.04049999999999995,2.0,0
hawaii,Development,0.4,hawaii_Kikaua Pt-Makolea NRA,0.0,0.01,0.02,0.04049999999999995,2.0,0
hawaii,Development,0.5,hawaii_Kikaua Pt-Makolea NRA,0.0,0.01,0.02,0.04049999999999995,2.0,0
hawaii,Development,0.6,hawaii_Kikaua Pt-Makolea NRA,0.0,0.01,0.02,0.04049999999999995,2.0,0
hawaii,Development,0.7,hawaii_Kikaua Pt-Makolea NRA,0.0,0.01,0.02,0.04049999999999995,2.0,0
hawaii,Development,0.8,hawaii_Kikaua Pt-Makolea NRA,0.0,0.01,0.02,0.04049999999999995,2.0,0
hawaii,Development,0.9,hawaii_Kikaua Pt-Makolea NRA,0.0,0.01,0.02,0.04049999999999995,2.0,0
hawaii,Development,1.0,hawaii_Kikaua Pt-Makolea NRA,0.0,0.01,0.02,0.04049999999999995,2.0,0
hawaii,Fish,0.1,hawaii_Kikaua Pt-Makolea NRA,0.0,0.02,0.05,0.2519999999999999,5.0,0
hawaii,Fish,0.2,hawaii_Kikaua Pt-Makolea NRA,0.0,0.02,0.05,0.26099999999999995,5.0,0
hawaii,Fish,0.3,hawaii_Kikaua Pt-Makolea NRA,0.0,0.01,0.02,0.04,2.0,0
hawaii,Fish,0.4,hawaii_Kikaua Pt-Makolea NRA,0.0,0.01,0.02,0.04049999999999995,2.0,0
hawaii,Fish,0.5,hawaii_Kikaua Pt-Makolea NRA,0.0,0.01,0.02,0.04049999999999995,2.0,0
hawaii,Fish,0.6,hawaii_Kikaua Pt-Makolea NRA,0.0,0.01,0.02,0.04049999999999995,2.0,0
hawaii,Fish,0.7,hawaii_Kikaua Pt-Makolea NRA,0.0,0.01,0.02,0.04049999999999995,2.0,0
hawaii,Turbidity,0.0,hawaii_Kikaua Pt-Makolea NRA,0.0,0.01,0.02,0.04,2.0,0
hawaii,Turbidity,0.1,hawaii_Kikaua Pt-Makolea NRA,0.0,0.01,0.02,0.04,2.0,0
hawaii,Turbidity,0.2,hawaii_Kikaua Pt-Makolea NRA,0.0,0.02,0.2,0.2,20.0,0
hawaii,Turbidity,0.3,hawaii_Kikaua Pt-Makolea NRA,0.0,0.02,0.2,0.2,20.0,0
hawaii,Turbidity,0.4,hawaii_Kikaua Pt-Makolea NRA,0.0,0.02,0.2,0.2,20.0,0
hawaii,Turbidity,0.5,hawaii_Kikaua Pt-Makolea NRA,0.0,0.02,0.2,0.2,20.0,0
hawaii,Coral size,5.0,hawaii_LNFPA: Maui,0.0,0.0,0.0,0.0,0.0,0
hawaii,Coral size,15.0,hawaii_LNFPA: Maui,0.0,0.0,0.0,0.0,0.0,0
hawaii,Coral size,25.0,hawaii_LNFPA: Maui,0.0,0.01,0.03,0.08,3.0,0
hawaii,Coral size,35.0,hawaii_LNFPA: Maui,0.0,0.0,0.03,0.1339999999999997,3.0,0
hawaii,Coral size,45.0,hawaii_LNFPA: Maui,0.0,0.0,0.04,0.2399999999999997,4.0,0
hawaii,Coral size,55.0,hawaii_LNFPA: Maui,0.0,0.0,0.03,0.1814999999999993,3.0,0
hawaii,Coral size,65.0,hawaii_LNFPA: Maui,0.0,0.01,0.05,0.5619999999999999,5.0,0
hawaii,Development,0.0,hawaii_LNFPA: Maui,0.0,0.01,0.0825,0.8604999999999999,8.0,0
hawaii,Development,0.1,hawaii_LNFPA: Maui,0.0,0.03,0.36624999999999996,0.5509999999999999,36.5,0
hawaii,Development,0.2,hawaii_LNFPA: Maui,0.0,0.22,0.28874999999999995,0.47,29.0,0
hawaii,Development,0.3,hawaii_LNFPA: Maui,0.0,0.22,0.28874999999999995,0.47,29.0,0
hawaii,Development,0.4,hawaii_LNFPA: Maui,0.0,0.215,0.31,0.47,31.0,0
hawaii,Development,0.5,hawaii_LNFPA: Maui,0.0,0.215,0.31,0.47,31.0,0
hawaii,Development,0.6,hawaii_LNFPA: Maui,0.0,0.215,0.2825,0.47,28.0,0
hawaii,Development,0.7,hawaii_LNFPA: Maui,0.0,0.215,0.2825,0.47,28.0,0
hawaii,Development,0.8,hawaii_LNFPA: Maui,0.0,0.215,0.2825,0.47,28.0,0
hawaii,Development,0.9,hawaii_LNFPA: Maui,0.0,0.215,0.2825,0.47,28.0,0
hawaii,Development,1.0,hawaii_LNFPA: Maui,0.0,0.215,0.2825,0.47,28.0,0
hawaii,Fish,0.1,hawaii_LNFPA: Maui,0.0,0.2,0.28125,0.47,28.0,0
hawaii,Fish,0.2,hawaii_LNFPA: Maui,0.0,0.22,0.31,0.47,31.0,0
hawaii,Fish,0.3,hawaii_LNFPA: Maui,0.0,0.4099999999999999,0.83,0.85,79.0,0
hawaii,Fish,0.4,hawaii_LNFPA: Maui,0.0,0.335,0.83,0.85,79.0,0
hawaii,Fish,0.5,hawaii_LNFPA: Maui,0.0,0.335,0.83,0.85,79.0,0
hawaii,Fish,0.6,hawaii_LNFPA: Maui,0.0,0.335,0.83,0.85,79.0,0
hawaii,Fish,0.7,hawaii_LNFPA: Maui,0.0,0.335,0.83,0.85,79.0,0
hawaii,Turbidity,0.0,hawaii_LNFPA: Maui,0.0,0.61,0.83,0.85,79.0,0
hawaii,Turbidity,0.1,hawaii_LNFPA: Maui,0.0,0.33,0.83,0.85,79.0,0
hawaii,Turbidity,0.2,hawaii_LNFPA: Maui,0.0,0.33,0.83,0.85,79.0,0
hawaii,Turbidity,0.3,hawaii_LNFPA: Maui,0.0,0.33,0.83,0.84,79.0,0
hawaii,Turbidity,0.4,hawaii_LNFPA: Maui,0.0,0.33,0.83,0.84,79.0,0
hawaii,Turbidity,0.5,hawaii_LNFPA: Maui,0.0,0.33,0.83,0.84,79.0,0
hawaii,Coral size,5.0,hawaii_LNFPA: Oahu,0.0,0.0,0.0,0.01,0.0,0
hawaii,Coral size,15.0,hawaii_LNFPA: Oahu,0.0,0.0,0.0,0.0,0.0,0
hawaii,Coral size,25.0,hawaii_LNFPA: Oahu,0.0,0.0,0.02,0.06549999999999995,2.0,0
hawaii,Coral size,35.0,hawaii_LNFPA: Oahu,0.0,0.0,0.021249999999999998,0.3619999999999999,2.0,0
hawaii,Coral size,45.0,hawaii_LNFPA: Oahu,0.0,0.0,0.04,0.35699999999999954,3.5,0
hawaii,Coral size,55.0,hawaii_LNFPA: Oahu,0.0,0.0,0.037500000000000006,0.3554999999999999,3.5,0
hawaii,Coral size,65.0,hawaii_LNFPA: Oahu,0.0,0.0025,0.0875,0.675,9.0,0
hawaii,Development,0.0,hawaii_LNFPA: Oahu,0.0,0.01,0.5025,0.89,50.5,0
hawaii,Development,0.1,hawaii_LNFPA: Oahu,0.0,0.01,0.35625,0.6299999999999997,35.5,0
hawaii,Development,0.2,hawaii_LNFPA: Oahu,0.0,0.03,0.27,0.32549999999999996,24.5,0
hawaii,Development,0.3,hawaii_LNFPA: Oahu,0.0,0.03,0.275,0.335,24.5,0
hawaii,Development,0.4,hawaii_LNFPA: Oahu,0.0,0.03,0.27125,0.33549999999999996,24.5,0
hawaii,Development,0.5,hawaii_LNFPA: Oahu,0.0,0.03,0.28,0.33049999999999996,27.0,0
hawaii,Development,0.6,hawaii_LNFPA: Oahu,0.0,0.03,0.26,0.325,25.0,0
hawaii,Development,0.7,hawaii_LNFPA: Oahu,0.0,0.03,0.25625,0.32049999999999995,24.0,0
hawaii,Development,0.8,hawaii_LNFPA: Oahu,0.0,0.03,0.25625,0.32049999999999995,24.0,0
hawaii,Development,0.9,hawaii_LNFPA: Oahu,0.0,0.03,0.25625,0.32049999999999995,24.0,0
hawaii,Development,1.0,hawaii_LNFPA: Oahu,0.0,0.03,0.25625,0.32049999999999995,24.0,0
hawaii,Fish,0.1,hawaii_LNFPA: Oahu,0.0,0.23,0.28,0.47,28.0,0
hawaii,Fish,0.2,hawaii_LNFPA: Oahu,0.0,0.23,0.31,0.47,30.5,0
hawaii,Fish,0.3,hawaii_LNFPA: Oahu,0.0,0.4099999999999999,0.83,0.85,78.5,0
hawaii,Fish,0.4,hawaii_LNFPA: Oahu,0.0,0.3325,0.83,0.85,78.5,0
hawaii,Fish,0.5,hawaii_LNFPA: Oahu,0.0,0.3325,0.83,0.85,78.5,0
hawaii,Fish,0.6,hawaii_LNFPA: Oahu,0.0,0.3325,0.83,0.85,78.5,0
hawaii,Fish,0.7,hawaii_LNFPA: Oahu,0.0,0.3325,0.83,0.85,78.5,0
hawaii,Turbidity,0.0,hawaii_LNFPA: Oahu,0.0,0.61,0.83,0.85,78.5,0
hawaii,Turbidity,0.1,hawaii_LNFPA: Oahu,0.0,0.33,0.83,0.85,79.0,0
hawaii,Turbidity,0.2,hawaii_LNFPA: Oahu,0.0,0.33,0.83,0.85,79.0,0
hawaii,Turbidity,0.3,hawaii_LNFPA: Oahu,0.0,0.33,0.83,0.84,78.5,0
hawaii,Turbidity,0.4,hawaii_LNFPA: Oahu,0.0,0.33,0.83,0.84,78.5,0
hawaii,Turbidity,0.5,hawaii_LNFPA: Oahu,0.0,0.33,0.83,0.84,78.5,0
hawaii,Coral size,5.0,hawaii_Lapakahi MLCD: Zone A,0.0,0.0,0.2,0.2,20.0,0
hawaii,Coral size,15.0,hawaii_Lapakahi MLCD: Zone A,0.0,0.0,0.0,0.0,0.0,0
hawaii,Coral size,25.0,hawaii_Lapakahi MLCD: Zone A,0.0,0.02,0.05,0.09,5.0,0
hawaii,Coral size,35.0,hawaii_Lapakahi MLCD: Zone A,0.0,0.02,0.06,0.1,6.0,0
hawaii,Coral size,45.0,hawaii_Lapakahi MLCD: Zone A,0.0,0.02,0.06,0.1,6.0,0
hawaii,Coral size,55.0,hawaii_Lapakahi MLCD: Zone A,0.0,0.015,0.0525,0.0909999999999999,5.0,0
hawaii,Coral size,65.0,hawaii_Lapakahi MLCD: Zone A,0.0,0.03,0.0625,0.1,6.0,0
hawaii,Development,0.0,hawaii_Lapakahi MLCD: Zone A,0.0,0.03,0.0625,0.1,6.0,0
hawaii,Development,0.1,hawaii_Lapakahi MLCD: Zone A,0.0,0.03,0.07,0.22,7.0,0
hawaii,Development,0.2,hawaii_Lapakahi MLCD: Zone A,0.0,0.03,0.0725,0.1209999999999999,7.0,0
hawaii,Development,0.3,hawaii_Lapakahi MLCD: Zone A,0.0,0.03,0.0725,0.1209999999999999,7.0,0
hawaii,Development,0.4,hawaii_Lapakahi MLCD: Zone A,0.0,0.03,0.0725,0.1209999999999999,7.0,0
hawaii,Development,0.5,hawaii_Lapakahi MLCD: Zone A,0.0,0.03,0.0725,0.1209999999999999,7.0,0
hawaii,Development,0.6,hawaii_Lapakahi MLCD: Zone A,0.0,0.03,0.0725,0.1209999999999999,7.0,0
hawaii,Development,0.7,hawaii_Lapakahi MLCD: Zone A,0.0,0.03,0.0725,0.1209999999999999,7.0,0
hawaii,Development,0.8,hawaii_Lapakahi MLCD: Zone A,0.0,0.03,0.0725,0.1209999999999999,7.0,0
hawaii,Development,0.9,hawaii_Lapakahi MLCD: Zone A,0.0,0.03,0.0725,0.1209999999999999,7.0,0
hawaii,Development,1.0,hawaii_Lapakahi MLCD: Zone A,0.0,0.03,0.0725,0.1209999999999999,7.0,0
hawaii,Fish,0.1,hawaii_Lapakahi MLCD: Zone A,0.0,0.04,0.2,0.3209999999999999,20.0,0
hawaii,Fish,0.2,hawaii_Lapakahi MLCD: Zone A,0.0,0.04,0.21,0.32,21.0,0
hawaii,Fish,0.3,hawaii_Lapakahi MLCD: Zone A,0.0,0.03,0.0725,0.22,7.0,0
hawaii,Fish,0.4,hawaii_Lapakahi MLCD: Zone A,0.0,0.03,0.0725,0.1209999999999999,7.0,0
hawaii,Fish,0.5,hawaii_Lapakahi MLCD: Zone A,0.0,0.03,0.0725,0.1209999999999999,7.0,0
hawaii,Fish,0.6,hawaii_Lapakahi MLCD: Zone A,0.0,0.03,0.0725,0.1209999999999999,7.0,0
hawaii,Fish,0.7,hawaii_Lapakahi MLCD: Zone A,0.0,0.03,0.0725,0.1209999999999999,7.0,0
hawaii,Turbidity,0.0,hawaii_Lapakahi MLCD: Zone A,0.0,0.03,0.0725,0.1209999999999999,7.0,0
hawaii,Turbidity,0.1,hawaii_Lapakahi MLCD: Zone A,0.0,0.03,0.0725,0.2109999999999999,7.0,0
hawaii,Turbidity,0.2,hawaii_Lapakahi MLCD: Zone A,0.0,0.05,0.2,0.2109999999999999,20.0,0
hawaii,Turbidity,0.3,hawaii_Lapakahi MLCD: Zone A,0.0,0.05,0.2,0.2109999999999999,20.0,0
hawaii,Turbidity,0.4,hawaii_Lapakahi MLCD: Zone A,0.0,0.05,0.2,0.2,20.0,0
hawaii,Turbidity,0.5,hawaii_Lapakahi MLCD: Zone A,0.0,0.05,0.2,0.2,20.0,0
hawaii,Coral size,5.0,hawaii_Lapakahi MLCD: Zone B,0.0,0.0,0.2,0.2,20.0,0
hawaii,Coral size,15.0,hawaii_Lapakahi MLCD: Zone B,0.0,0.0,0.0,0.0,0.0,0
hawaii,Coral size,25.0,hawaii_Lapakahi MLCD: Zone B,0.0,0.02,0.05,0.09,5.0,0
hawaii,Coral size,35.0,hawaii_Lapakahi MLCD: Zone B,0.0,0.02,0.06,0.1,6.0,0
hawaii,Coral size,45.0,hawaii_Lapakahi MLCD: Zone B,0.0,0.02,0.06,0.1,6.0,0
hawaii,Coral size,55.0,hawaii_Lapakahi MLCD: Zone B,0.0,0.015,0.0525,0.0909999999999999,5.0,0
hawaii,Coral size,65.0,hawaii_Lapakahi MLCD: Zone B,0.0,0.03,0.0625,0.1,6.0,0
hawaii,Development,0.0,hawaii_Lapakahi MLCD: Zone B,0.0,0.03,0.0625,0.1,6.0,0
hawaii,Development,0.1,hawaii_Lapakahi MLCD: Zone B,0.0,0.03,0.07,0.22,7.0,0
hawaii,Development,0.2,hawaii_Lapakahi MLCD: Zone B,0.0,0.03,0.0725,0.1209999999999999,7.0,0
hawaii,Development,0.3,hawaii_Lapakahi MLCD: Zone B,0.0,0.03,0.0725,0.1209999999999999,7.0,0
hawaii,Development,0.4,hawaii_Lapakahi MLCD: Zone B,0.0,0.03,0.0725,0.1209999999999999,7.0,0
hawaii,Development,0.5,hawaii_Lapakahi MLCD: Zone B,0.0,0.03,0.0725,0.1209999999999999,7.0,0
hawaii,Development,0.6,hawaii_Lapakahi MLCD: Zone B,0.0,0.03,0.0725,0.1209999999999999,7.0,0
hawaii,Development,0.7,hawaii_Lapakahi MLCD: Zone B,0.0,0.03,0.0725,0.1209999999999999,7.0,0
hawaii,Development,0.8,hawaii_Lapakahi MLCD: Zone B,0.0,0.03,0.0725,0.1209999999999999,7.0,0
hawaii,Development,0.9,hawaii_Lapakahi MLCD: Zone B,0.0,0.03,0.0725,0.1209999999999999,7.0,0
hawaii,Development,1.0,hawaii_Lapakahi MLCD: Zone B,0.0,0.03,0.0725,0.1209999999999999,7.0,0
hawaii,Fish,0.1,hawaii_Lapakahi MLCD: Zone B,0.0,0.04,0.2,0.3209999999999999,20.0,0
hawaii,Fish,0.2,hawaii_Lapakahi MLCD: Zone B,0.0,0.04,0.21,0.32,21.0,0
hawaii,Fish,0.3,hawaii_Lapakahi MLCD: Zone B,0.0,0.03,0.0725,0.22,7.0,0
hawaii,Fish,0.4,hawaii_Lapakahi MLCD: Zone B,0.0,0.03,0.0725,0.1209999999999999,7.0,0
hawaii,Fish,0.5,hawaii_Lapakahi MLCD: Zone B,0.0,0.03,0.0725,0.1209999999999999,7.0,0
hawaii,Fish,0.6,hawaii_Lapakahi MLCD: Zone B,0.0,0.03,0.0725,0.1209999999999999,7.0,0
hawaii,Fish,0.7,hawaii_Lapakahi MLCD: Zone B,0.0,0.03,0.0725,0.1209999999999999,7.0,0
hawaii,Turbidity,0.0,hawaii_Lapakahi MLCD: Zone B,0.0,0.03,0.0725,0.1209999999999999,7.0,0
hawaii,Turbidity,0.1,hawaii_Lapakahi MLCD: Zone B,0.0,0.03,0.0725,0.2109999999999999,7.0,0
hawaii,Turbidity,0.2,hawaii_Lapakahi MLCD: Zone B,0.0,0.05,0.2,0.2109999999999999,20.0,0
hawaii,Turbidity,0.3,hawaii_Lapakahi MLCD: Zone B,0.0,0.05,0.2,0.2109999999999999,20.0,0
hawaii,Turbidity,0.4,hawaii_Lapakahi MLCD: Zone B,0.0,0.05,0.2,0.2,20.0,0
hawaii,Turbidity,0.5,hawaii_Lapakahi MLCD: Zone B,0.0,0.05,0.2,0.2,20.0,0
hawaii,Coral size,5.0,hawaii_Leleiwi Pt (BRFA L),0.0,0.0,0.0,0.0,0.0,0
hawaii,Coral size,15.0,hawaii_Leleiwi Pt (BRFA L),0.0,0.0,0.0,0.0,0.0,0
hawaii,Coral size,25.0,hawaii_Leleiwi Pt (BRFA L),0.0,0.01,0.05,0.5209999999999999,5.0,0
hawaii,Coral size,35.0,hawaii_Leleiwi Pt (BRFA L),0.0,0.01,0.3625,0.5,36.0,0
hawaii,Coral size,45.0,hawaii_Leleiwi Pt (BRFA L),0.0,0.01,0.42,0.53,42.0,0
hawaii,Coral size,55.0,hawaii_Leleiwi Pt (BRFA L),0.0,0.01,0.3725,0.5729999999999997,37.0,0
hawaii,Coral size,65.0,hawaii_Leleiwi Pt (BRFA L),0.0,0.01,0.43,0.7329999999999998,43.0,0
hawaii,Development,0.0,hawaii_Leleiwi Pt (BRFA L),0.0,0.02,0.6924999999999999,0.8809999999999999,69.0,0
hawaii,Development,0.1,hawaii_Leleiwi Pt (BRFA L),0.0,0.2,0.44,0.6809999999999999,44.0,0
hawaii,Development,0.2,hawaii_Leleiwi Pt (BRFA L),0.0,0.23,0.3425,0.47,34.0,0
hawaii,Development,0.3,hawaii_Leleiwi Pt (BRFA L),0.0,0.23,0.34,0.47,34.0,0
hawaii,Development,0.4,hawaii_Leleiwi Pt (BRFA L),0.0,0.23,0.34,0.47,34.0,0
hawaii,Development,0.5,hawaii_Leleiwi Pt (BRFA L),0.0,0.23,0.32,0.47,32.0,0
hawaii,Development,0.6,hawaii_Leleiwi Pt (BRFA L),0.0,0.23,0.32,0.47,32.0,0
hawaii,Development,0.7,hawaii_Leleiwi Pt (BRFA L),0.0,0.23,0.32,0.47,32.0,0
hawaii,Development,0.8,hawaii_Leleiwi Pt (BRFA L),0.0,0.23,0.32,0.47,32.0,0
hawaii,Development,0.9,hawaii_Leleiwi Pt (BRFA L),0.0,0.23,0.32,0.47,32.0,0
hawaii,Development,1.0,hawaii_Leleiwi Pt (BRFA L),0.0,0.23,0.32,0.47,32.0,0
hawaii,Fish,0.1,hawaii_Leleiwi Pt (BRFA L),0.0,0.23,0.28,0.47,28.0,0
hawaii,Fish,0.2,hawaii_Leleiwi Pt (BRFA L),0.0,0.23,0.31,0.47,31.0,0
hawaii,Fish,0.3,hawaii_Leleiwi Pt (BRFA L),0.0,0.08,0.23,0.47,23.0,0
hawaii,Fish,0.4,hawaii_Leleiwi Pt (BRFA L),0.0,0.0849999999999999,0.23,0.23,23.0,0
hawaii,Fish,0.5,hawaii_Leleiwi Pt (BRFA L),0.0,0.0849999999999999,0.23,0.23,23.0,0
hawaii,Fish,0.6,hawaii_Leleiwi Pt (BRFA L),0.0,0.0849999999999999,0.23,0.23,23.0,0
hawaii,Fish,0.7,hawaii_Leleiwi Pt (BRFA L),0.0,0.0849999999999999,0.23,0.23,23.0,0
hawaii,Turbidity,0.0,hawaii_Leleiwi Pt (BRFA L),0.0,0.0849999999999999,0.23,0.33,23.0,0
hawaii,Turbidity,0.1,hawaii_Leleiwi Pt (BRFA L),0.0,0.0849999999999999,0.23,0.23,23.0,0
hawaii,Turbidity,0.2,hawaii_Leleiwi Pt (BRFA L),0.0,0.0849999999999999,0.23,0.23,23.0,0
hawaii,Turbidity,0.3,hawaii_Leleiwi Pt (BRFA L),0.0,0.08,0.23,0.23,23.0,0
hawaii,Turbidity,0.4,hawaii_Leleiwi Pt (BRFA L),0.0,0.07,0.23,0.23,23.0,0
hawaii,Turbidity,0.5,hawaii_Leleiwi Pt (BRFA L),0.0,0.07,0.23,0.23,23.0,0
hawaii,Coral size,5.0,hawaii_Makahuena (BRFA C),0.0,0.0,0.0,0.05,0.0,0
hawaii,Coral size,15.0,hawaii_Makahuena (BRFA C),0.0,0.0,0.0,0.0509999999999999,0.0,0
hawaii,Coral size,25.0,hawaii_Makahuena (BRFA C),0.0,0.0,0.01,0.04,1.0,0
hawaii,Coral size,35.0,hawaii_Makahuena (BRFA C),0.0,0.0,0.01,0.0509999999999999,1.0,0
hawaii,Coral size,45.0,hawaii_Makahuena (BRFA C),0.0,0.0,0.01,0.08,1.0,0
hawaii,Coral size,55.0,hawaii_Makahuena (BRFA C),0.0,0.0,0.01,0.08,1.0,0
hawaii,Coral size,65.0,hawaii_Makahuena (BRFA C),0.0,0.0,0.02,0.56,2.0,0
hawaii,Development,0.0,hawaii_Makahuena (BRFA C),0.0,0.0,0.05,0.76,5.0,0
hawaii,Development,0.1,hawaii_Makahuena (BRFA C),0.0,0.01,0.08,0.5509999999999999,8.0,0
hawaii,Development,0.2,hawaii_Makahuena (BRFA C),0.0,0.03,0.11,0.31,11.0,0
hawaii,Development,0.3,hawaii_Makahuena (BRFA C),0.0,0.03,0.17,0.31,17.0,0
hawaii,Development,0.4,hawaii_Makahuena (BRFA C),0.0,0.03,0.1125,0.31,11.0,0
hawaii,Development,0.5,hawaii_Makahuena (BRFA C),0.0,0.03,0.1125,0.3109999999999999,11.0,0
hawaii,Development,0.6,hawaii_Makahuena (BRFA C),0.0,0.03,0.1125,0.3109999999999999,11.0,0
hawaii,Development,0.7,hawaii_Makahuena (BRFA C),0.0,0.03,0.1125,0.3109999999999999,11.0,0
hawaii,Development,0.8,hawaii_Makahuena (BRFA C),0.0,0.03,0.1125,0.3109999999999999,11.0,0
hawaii,Development,0.9,hawaii_Makahuena (BRFA C),0.0,0.03,0.1125,0.3109999999999999,11.0,0
hawaii,Development,1.0,hawaii_Makahuena (BRFA C),0.0,0.03,0.1125,0.3109999999999999,11.0,0
hawaii,Fish,0.1,hawaii_Makahuena (BRFA C),0.0,0.21,0.2825,0.47,28.0,0
hawaii,Fish,0.2,hawaii_Makahuena (BRFA C),0.0,0.22,0.3125,0.47,31.0,0
hawaii,Fish,0.3,hawaii_Makahuena (BRFA C),0.0,0.77,0.83,0.85,83.0,0
hawaii,Fish,0.4,hawaii_Makahuena (BRFA C),0.0,0.77,0.83,0.85,83.0,0
hawaii,Fish,0.5,hawaii_Makahuena (BRFA C),0.0,0.77,0.83,0.85,83.0,0
hawaii,Fish,0.6,hawaii_Makahuena (BRFA C),0.0,0.77,0.83,0.85,83.0,0
hawaii,Fish,0.7,hawaii_Makahuena (BRFA C),0.0,0.77,0.83,0.85,83.0,0
hawaii,Turbidity,0.0,hawaii_Makahuena (BRFA C),0.0,0.77,0.83,0.85,83.0,0
hawaii,Turbidity,0.1,hawaii_Makahuena (BRFA C),0.0,0.77,0.83,0.85,83.0,0
hawaii,Turbidity,0.2,hawaii_Makahuena (BRFA C),0.0,0.77,0.83,0.85,83.0,0
hawaii,Turbidity,0.3,hawaii_Makahuena (BRFA C),0.0,0.77,0.83,0.84,83.0,0
hawaii,Turbidity,0.4,hawaii_Makahuena (BRFA C),0.0,0.77,0.83,0.84,83.0,0
hawaii,Turbidity,0.5,hawaii_Makahuena (BRFA C),0.0,0.77,0.83,0.84,83.0,0
hawaii,Coral size,5.0,hawaii_Makapuu Pt (BRFA E),0.0,0.0,0.0,0.01,0.0,0
hawaii,Coral size,15.0,hawaii_Makapuu Pt (BRFA E),0.0,0.0,0.0,0.01,0.0,0
hawaii,Coral size,25.0,hawaii_Makapuu Pt (BRFA E),0.0,0.0,0.02,0.4209999999999999,2.0,0
hawaii,Coral size,35.0,hawaii_Makapuu Pt (BRFA E),0.0,0.0,0.0225,0.4409999999999999,2.0,0
hawaii,Coral size,45.0,hawaii_Makapuu Pt (BRFA E),0.0,0.0,0.05,0.47,5.0,0
hawaii,Coral size,55.0,hawaii_Makapuu Pt (BRFA E),0.0,0.0,0.0425,0.47,4.0,0
hawaii,Coral size,65.0,hawaii_Makapuu Pt (BRFA E),0.0,0.0,0.095,0.67,10.0,0
hawaii,Development,0.0,hawaii_Makapuu Pt (BRFA E),0.0,0.01,0.4025,0.87,40.0,0
hawaii,Development,0.1,hawaii_Makapuu Pt (BRFA E),0.0,0.05,0.42,0.5869999999999995,42.0,0
hawaii,Development,0.2,hawaii_Makapuu Pt (BRFA E),0.0,0.23,0.3325,0.47,32.0,0
hawaii,Development,0.3,hawaii_Makapuu Pt (BRFA E),0.0,0.23,0.33,0.47,32.0,0
hawaii,Development,0.4,hawaii_Makapuu Pt (BRFA E),0.0,0.23,0.33,0.47,32.0,0
hawaii,Development,0.5,hawaii_Makapuu Pt (BRFA E),0.0,0.23,0.32,0.47,32.0,0
hawaii,Development,0.6,hawaii_Makapuu Pt (BRFA E),0.0,0.23,0.32,0.47,29.0,0
hawaii,Development,0.7,hawaii_Makapuu Pt (BRFA E),0.0,0.23,0.32,0.47,29.0,0
hawaii,Development,0.8,hawaii_Makapuu Pt (BRFA E),0.0,0.23,0.32,0.47,29.0,0
hawaii,Development,0.9,hawaii_Makapuu Pt (BRFA E),0.0,0.23,0.32,0.47,29.0,0
hawaii,Development,1.0,hawaii_Makapuu Pt (BRFA E),0.0,0.23,0.32,0.47,29.0,0
hawaii,Fish,0.1,hawaii_Makapuu Pt (BRFA E),0.0,0.22,0.28,0.47,28.0,0
hawaii,Fish,0.2,hawaii_Makapuu Pt (BRFA E),0.0,0.23,0.31,0.47,28.0,0
hawaii,Fish,0.3,hawaii_Makapuu Pt (BRFA E),0.0,0.48,0.83,0.85,83.0,0
hawaii,Fish,0.4,hawaii_Makapuu Pt (BRFA E),0.0,0.335,0.83,0.85,83.0,0
hawaii,Fish,0.5,hawaii_Makapuu Pt (BRFA E),0.0,0.335,0.83,0.85,83.0,0
hawaii,Fish,0.6,hawaii_Makapuu Pt (BRFA E),0.0,0.335,0.83,0.85,83.0,0
hawaii,Fish,0.7,hawaii_Makapuu Pt (BRFA E),0.0,0.335,0.83,0.85,83.0,0
hawaii,Turbidity,0.0,hawaii_Makapuu Pt (BRFA E),0.0,0.61,0.83,0.85,83.0,0
hawaii,Turbidity,0.1,hawaii_Makapuu Pt (BRFA E),0.0,0.33,0.83,0.85,83.0,0
hawaii,Turbidity,0.2,hawaii_Makapuu Pt (BRFA E),0.0,0.33,0.83,0.85,83.0,0
hawaii,Turbidity,0.3,hawaii_Makapuu Pt (BRFA E),0.0,0.33,0.83,0.84,83.0,0
hawaii,Turbidity,0.4,hawaii_Makapuu Pt (BRFA E),0.0,0.33,0.83,0.84,83.0,0
hawaii,Turbidity,0.5,hawaii_Makapuu Pt (BRFA E),0.0,0.33,0.83,0.84,83.0,0
hawaii,Coral size,5.0,hawaii_Manele Harbor FMA: Area 1,0.0,0.0,0.0,0.0,0.0,0
hawaii,Coral size,15.0,hawaii_Manele Harbor FMA: Area 1,0.0,0.0,0.0,0.0,0.0,0
hawaii,Coral size,25.0,hawaii_Manele Harbor FMA: Area 1,0.0,0.0,0.01,0.01,1.0,0
hawaii,Coral size,35.0,hawaii_Manele Harbor FMA: Area 1,0.0,0.0,0.01,0.01,1.0,0
hawaii,Coral size,45.0,hawaii_Manele Harbor FMA: Area 1,0.0,0.0,0.01,0.01,1.0,0
hawaii,Coral size,55.0,hawaii_Manele Harbor FMA: Area 1,0.0,0.0,0.01,0.01,1.0,0
hawaii,Coral size,65.0,hawaii_Manele Harbor FMA: Area 1,0.0,0.01,0.02,0.03,2.0,0
hawaii,Development,0.0,hawaii_Manele Harbor FMA: Area 1,0.0,0.01,0.02,0.04,2.0,0
hawaii,Development,0.1,hawaii_Manele Harbor FMA: Area 1,0.0,0.01,0.02,0.04,2.0,0
hawaii,Development,0.2,hawaii_Manele Harbor FMA: Area 1,0.0,0.01,0.02,0.04,2.0,0
hawaii,Development,0.3,hawaii_Manele Harbor FMA: Area 1,0.0,0.01,0.02,0.04,2.0,0
hawaii,Development,0.4,hawaii_Manele Harbor FMA: Area 1,0.0,0.01,0.02,0.04,2.0,0
hawaii,Development,0.5,hawaii_Manele Harbor FMA: Area 1,0.0,0.01,0.02,0.04,2.0,0
hawaii,Development,0.6,hawaii_Manele Harbor FMA: Area 1,0.0,0.01,0.02,0.04,2.0,0
hawaii,Development,0.7,hawaii_Manele Harbor FMA: Area 1,0.0,0.01,0.02,0.04,2.0,0
hawaii,Development,0.8,hawaii_Manele Harbor FMA: Area 1,0.0,0.01,0.02,0.04,2.0,0
hawaii,Development,0.9,hawaii_Manele Harbor FMA: Area 1,0.0,0.01,0.02,0.04,2.0,0
hawaii,Development,1.0,hawaii_Manele Harbor FMA: Area 1,0.0,0.01,0.02,0.04,2.0,0
hawaii,Fish,0.1,hawaii_Manele Harbor FMA: Area 1,0.0,0.02,0.05,0.2519999999999999,5.0,0
hawaii,Fish,0.2,hawaii_Manele Harbor FMA: Area 1,0.0,0.02,0.0425,0.2519999999999999,4.0,0
hawaii,Fish,0.3,hawaii_Manele Harbor FMA: Area 1,0.0,0.01,0.02,0.04,2.0,0
hawaii,Fish,0.4,hawaii_Manele Harbor FMA: Area 1,0.0,0.01,0.02,0.04,2.0,0
hawaii,Fish,0.5,hawaii_Manele Harbor FMA: Area 1,0.0,0.01,0.02,0.04,2.0,0
hawaii,Fish,0.6,hawaii_Manele Harbor FMA: Area 1,0.0,0.01,0.02,0.04,2.0,0
hawaii,Fish,0.7,hawaii_Manele Harbor FMA: Area 1,0.0,0.01,0.02,0.04,2.0,0
hawaii,Turbidity,0.0,hawaii_Manele Harbor FMA: Area 1,0.0,0.01,0.02,0.04,2.0,0
hawaii,Turbidity,0.1,hawaii_Manele Harbor FMA: Area 1,0.0,0.01,0.02,0.04,2.0,0
hawaii,Turbidity,0.2,hawaii_Manele Harbor FMA: Area 1,0.0,0.02,0.2,0.2,20.0,0
hawaii,Turbidity,0.3,hawaii_Manele Harbor FMA: Area 1,0.0,0.02,0.2,0.2,20.0,0
hawaii,Turbidity,0.4,hawaii_Manele Harbor FMA: Area 1,0.0,0.02,0.2,0.2,20.0,0
hawaii,Turbidity,0.5,hawaii_Manele Harbor FMA: Area 1,0.0,0.02,0.2,0.2,20.0,0
hawaii,Coral size,5.0,hawaii_Manele Harbor FMA: Area 2,0.0,0.0,0.0,0.0,0.0,0
hawaii,Coral size,15.0,hawaii_Manele Harbor FMA: Area 2,0.0,0.0,0.0,0.0,0.0,0
hawaii,Coral size,25.0,hawaii_Manele Harbor FMA: Area 2,0.0,0.0,0.01,0.01,1.0,0
hawaii,Coral size,35.0,hawaii_Manele Harbor FMA: Area 2,0.0,0.0,0.01,0.01,1.0,0
hawaii,Coral size,45.0,hawaii_Manele Harbor FMA: Area 2,0.0,0.0,0.01,0.01,1.0,0
hawaii,Coral size,55.0,hawaii_Manele Harbor FMA: Area 2,0.0,0.0,0.01,0.01,1.0,0
hawaii,Coral size,65.0,hawaii_Manele Harbor FMA: Area 2,0.0,0.01,0.02,0.03,2.0,0
hawaii,Development,0.0,hawaii_Manele Harbor FMA: Area 2,0.0,0.01,0.02,0.04,2.0,0
hawaii,Development,0.1,hawaii_Manele Harbor FMA: Area 2,0.0,0.01,0.02,0.04,2.0,0
hawaii,Development,0.2,hawaii_Manele Harbor FMA: Area 2,0.0,0.01,0.02,0.04,2.0,0
hawaii,Development,0.3,hawaii_Manele Harbor FMA: Area 2,0.0,0.01,0.02,0.04,2.0,0
hawaii,Development,0.4,hawaii_Manele Harbor FMA: Area 2,0.0,0.01,0.02,0.04,2.0,0
hawaii,Development,0.5,hawaii_Manele Harbor FMA: Area 2,0.0,0.01,0.02,0.04,2.0,0
hawaii,Development,0.6,hawaii_Manele Harbor FMA: Area 2,0.0,0.01,0.02,0.04,2.0,0
hawaii,Development,0.7,hawaii_Manele Harbor FMA: Area 2,0.0,0.01,0.02,0.04,2.0,0
hawaii,Development,0.8,hawaii_Manele Harbor FMA: Area 2,0.0,0.01,0.02,0.04,2.0,0
hawaii,Development,0.9,hawaii_Manele Harbor FMA: Area 2,0.0,0.01,0.02,0.04,2.0,0
hawaii,Development,1.0,hawaii_Manele Harbor FMA: Area 2,0.0,0.01,0.02,0.04,2.0,0
hawaii,Fish,0.1,hawaii_Manele Harbor FMA: Area 2,0.0,0.02,0.05,0.2519999999999999,5.0,0
hawaii,Fish,0.2,hawaii_Manele Harbor FMA: Area 2,0.0,0.02,0.0425,0.2519999999999999,4.0,0
hawaii,Fish,0.3,hawaii_Manele Harbor FMA: Area 2,0.0,0.01,0.02,0.04,2.0,0
hawaii,Fish,0.4,hawaii_Manele Harbor FMA: Area 2,0.0,0.01,0.02,0.04,2.0,0
hawaii,Fish,0.5,hawaii_Manele Harbor FMA: Area 2,0.0,0.01,0.02,0.04,2.0,0
hawaii,Fish,0.6,hawaii_Manele Harbor FMA: Area 2,0.0,0.01,0.02,0.04,2.0,0
hawaii,Fish,0.7,hawaii_Manele Harbor FMA: Area 2,0.0,0.01,0.02,0.04,2.0,0
hawaii,Turbidity,0.0,hawaii_Manele Harbor FMA: Area 2,0.0,0.01,0.02,0.04,2.0,0
hawaii,Turbidity,0.1,hawaii_Manele Harbor FMA: Area 2,0.0,0.01,0.02,0.04,2.0,0
hawaii,Turbidity,0.2,hawaii_Manele Harbor FMA: Area 2,0.0,0.02,0.2,0.2,20.0,0
hawaii,Turbidity,0.3,hawaii_Manele Harbor FMA: Area 2,0.0,0.02,0.2,0.2,20.0,0
hawaii,Turbidity,0.4,hawaii_Manele Harbor FMA: Area 2,0.0,0.02,0.2,0.2,20.0,0
hawaii,Turbidity,0.5,hawaii_Manele Harbor FMA: Area 2,0.0,0.02,0.2,0.2,20.0,0
hawaii,Coral size,5.0,hawaii_Manele-Hulopoe MLCD: Zone A (Hulopoe Bay),0.5,0.0,0.0,0.005,-0.5,0
hawaii,Coral size,15.0,hawaii_Manele-Hulopoe MLCD: Zone A (Hulopoe Bay),0.5,0.0,0.0,0.005,-0.5,0
hawaii,Coral size,25.0,hawaii_Manele-Hulopoe MLCD: Zone A (Hulopoe Bay),0.5,0.0,0.01,0.015,0.5,0
hawaii,Coral size,35.0,hawaii_Manele-Hulopoe MLCD: Zone A (Hulopoe Bay),0.5,0.0,0.01,0.015,0.5,0
hawaii,Coral size,45.0,hawaii_Manele-Hulopoe MLCD: Zone A (Hulopoe Bay),0.5,0.0,0.01,0.015,0.5,0
hawaii,Coral size,55.0,hawaii_Manele-Hulopoe MLCD: Zone A (Hulopoe Bay),0.5,0.0,0.01,0.015,0.5,0
hawaii,Coral size,65.0,hawaii_Manele-Hulopoe MLCD: Zone A (Hulopoe Bay),0.5,0.01,0.02,0.035,1.5,0
hawaii,Development,0.0,hawaii_Manele-Hulopoe MLCD: Zone A (Hulopoe Bay),0.5,0.01,0.02,0.04,1.5,0
hawaii,Development,0.1,hawaii_Manele-Hulopoe MLCD: Zone A (Hulopoe Bay),0.5,0.01,0.02,0.04,1.5,0
hawaii,Development,0.2,hawaii_Manele-Hulopoe MLCD: Zone A (Hulopoe Bay),0.5,0.01,0.02,0.04,1.5,0
hawaii,Development,0.3,hawaii_Manele-Hulopoe MLCD: Zone A (Hulopoe Bay),0.5,0.01,0.02,0.04,1.5,0
hawaii,Development,0.4,hawaii_Manele-Hulopoe MLCD: Zone A (Hulopoe Bay),0.5,0.01,0.02,0.04,1.5,0
hawaii,Development,0.5,hawaii_Manele-Hulopoe MLCD: Zone A (Hulopoe Bay),0.5,0.01,0.02,0.04,1.5,0
hawaii,Development,0.6,hawaii_Manele-Hulopoe MLCD: Zone A (Hulopoe Bay),0.5,0.01,0.02,0.04,1.5,0
hawaii,Development,0.7,hawaii_Manele-Hulopoe MLCD: Zone A (Hulopoe Bay),0.5,0.01,0.02,0.04,1.5,0
hawaii,Development,0.8,hawaii_Manele-Hulopoe MLCD: Zone A (Hulopoe Bay),0.5,0.01,0.02,0.04,1.5,0
hawaii,Development,0.9,hawaii_Manele-Hulopoe MLCD: Zone A (Hulopoe Bay),0.5,0.01,0.02,0.04,1.5,0
hawaii,Development,1.0,hawaii_Manele-Hulopoe MLCD: Zone A (Hulopoe Bay),0.5,0.01,0.02,0.04,1.5,0
hawaii,Fish,0.1,hawaii_Manele-Hulopoe MLCD: Zone A (Hulopoe Bay),0.5,0.02,0.05,0.2519999999999999,4.5,0
hawaii,Fish,0.2,hawaii_Manele-Hulopoe MLCD: Zone A (Hulopoe Bay),0.5,0.02,0.0425,0.2519999999999999,3.5,0
hawaii,Fish,0.3,hawaii_Manele-Hulopoe MLCD: Zone A (Hulopoe Bay),0.5,0.01,0.02,0.04,1.5,0
hawaii,Fish,0.4,hawaii_Manele-Hulopoe MLCD: Zone A (Hulopoe Bay),0.5,0.01,0.02,0.04,1.5,0
hawaii,Fish,0.5,hawaii_Manele-Hulopoe MLCD: Zone A (Hulopoe Bay),0.5,0.01,0.02,0.04,1.5,0
hawaii,Fish,0.6,hawaii_Manele-Hulopoe MLCD: Zone A (Hulopoe Bay),0.5,0.01,0.02,0.04,1.5,0
hawaii,Fish,0.7,hawaii_Manele-Hulopoe MLCD: Zone A (Hulopoe Bay),0.5,0.01,0.02,0.04,1.5,0
hawaii,Turbidity,0.0,hawaii_Manele-Hulopoe MLCD: Zone A (Hulopoe Bay),0.5,0.01,0.02,0.04,1.5,0
hawaii,Turbidity,0.1,hawaii_Manele-Hulopoe MLCD: Zone A (Hulopoe Bay),0.5,0.01,0.02,0.04,1.5,0
hawaii,Turbidity,0.2,hawaii_Manele-Hulopoe MLCD: Zone A (Hulopoe Bay),0.5,0.02,0.2,0.2,19.5,0
hawaii,Turbidity,0.3,hawaii_Manele-Hulopoe MLCD: Zone A (Hulopoe Bay),0.5,0.02,0.2,0.2,19.5,0
hawaii,Turbidity,0.4,hawaii_Manele-Hulopoe MLCD: Zone A (Hulopoe Bay),0.5,0.02,0.2,0.2,19.5,0
hawaii,Turbidity,0.5,hawaii_Manele-Hulopoe MLCD: Zone A (Hulopoe Bay),0.5,0.02,0.2,0.2,19.5,0
hawaii,Coral size,5.0,hawaii_Manele-Hulopoe MLCD: Zone B (Manele Bay),0.0,0.0,0.0,0.0,0.0,0
hawaii,Coral size,15.0,hawaii_Manele-Hulopoe MLCD: Zone B (Manele Bay),0.0,0.0,0.0,0.0,0.0,0
hawaii,Coral size,25.0,hawaii_Manele-Hulopoe MLCD: Zone B (Manele Bay),0.0,0.0,0.01,0.01,1.0,0
hawaii,Coral size,35.0,hawaii_Manele-Hulopoe MLCD: Zone B (Manele Bay),0.0,0.0,0.01,0.01,1.0,0
hawaii,Coral size,45.0,hawaii_Manele-Hulopoe MLCD: Zone B (Manele Bay),0.0,0.0,0.01,0.01,1.0,0
hawaii,Coral size,55.0,hawaii_Manele-Hulopoe MLCD: Zone B (Manele Bay),0.0,0.0,0.01,0.01,1.0,0
hawaii,Coral size,65.0,hawaii_Manele-Hulopoe MLCD: Zone B (Manele Bay),0.0,0.01,0.02,0.03,2.0,0
hawaii,Development,0.0,hawaii_Manele-Hulopoe MLCD: Zone B (Manele Bay),0.0,0.01,0.02,0.04,2.0,0
hawaii,Development,0.1,hawaii_Manele-Hulopoe MLCD: Zone B (Manele Bay),0.0,0.01,0.02,0.04,2.0,0
hawaii,Development,0.2,hawaii_Manele-Hulopoe MLCD: Zone B (Manele Bay),0.0,0.01,0.02,0.04,2.0,0
hawaii,Development,0.3,hawaii_Manele-Hulopoe MLCD: Zone B (Manele Bay),0.0,0.01,0.02,0.04,2.0,0
hawaii,Development,0.4,hawaii_Manele-Hulopoe MLCD: Zone B (Manele Bay),0.0,0.01,0.02,0.04,2.0,0
hawaii,Development,0.5,hawaii_Manele-Hulopoe MLCD: Zone B (Manele Bay),0.0,0.01,0.02,0.04,2.0,0
hawaii,Development,0.6,hawaii_Manele-Hulopoe MLCD: Zone B (Manele Bay),0.0,0.01,0.02,0.04,2.0,0
hawaii,Development,0.7,hawaii_Manele-Hulopoe MLCD: Zone B (Manele Bay),0.0,0.01,0.02,0.04,2.0,0
hawaii,Development,0.8,hawaii_Manele-Hulopoe MLCD: Zone B (Manele Bay),0.0,0.01,0.02,0.04,2.0,0
hawaii,Development,0.9,hawaii_Manele-Hulopoe MLCD: Zone B (Manele Bay),0.0,0.01,0.02,0.04,2.0,0
hawaii,Development,1.0,hawaii_Manele-Hulopoe MLCD: Zone B (Manele Bay),0.0,0.01,0.02,0.04,2.0,0
hawaii,Fish,0.1,hawaii_Manele-Hulopoe MLCD: Zone B (Manele Bay),0.0,0.02,0.05,0.2519999999999999,5.0,0
hawaii,Fish,0.2,hawaii_Manele-Hulopoe MLCD: Zone B (Manele Bay),0.0,0.02,0.0425,0.2519999999999999,4.0,0
hawaii,Fish,0.3,hawaii_Manele-Hulopoe MLCD: Zone B (Manele Bay),0.0,0.01,0.02,0.04,2.0,0
hawaii,Fish,0.4,hawaii_Manele-Hulopoe MLCD: Zone B (Manele Bay),0.0,0.01,0.02,0.04,2.0,0
hawaii,Fish,0.5,hawaii_Manele-Hulopoe MLCD: Zone B (Manele Bay),0.0,0.01,0.02,0.04,2.0,0
hawaii,Fish,0.6,hawaii_Manele-Hulopoe MLCD: Zone B (Manele Bay),0.0,0.01,0.02,0.04,2.0,0
hawaii,Fish,0.7,hawaii_Manele-Hulopoe MLCD: Zone B (Manele Bay),0.0,0.01,0.02,0.04,2.0,0
hawaii,Turbidity,0.0,hawaii_Manele-Hulopoe MLCD: Zone B (Manele Bay),0.0,0.01,0.02,0.04,2.0,0
hawaii,Turbidity,0.1,hawaii_Manele-Hulopoe MLCD: Zone B (Manele Bay),0.0,0.01,0.02,0.04,2.0,0
hawaii,Turbidity,0.2,hawaii_Manele-Hulopoe MLCD: Zone B (Manele Bay),0.0,0.02,0.2,0.2,20.0,0
hawaii,Turbidity,0.3,hawaii_Manele-Hulopoe MLCD: Zone B (Manele Bay),0.0,0.02,0.2,0.2,20.0,0
hawaii,Turbidity,0.4,hawaii_Manele-Hulopoe MLCD: Zone B (Manele Bay),0.0,0.02,0.2,0.2,20.0,0
hawaii,Turbidity,0.5,hawaii_Manele-Hulopoe MLCD: Zone B (Manele Bay),0.0,0.02,0.2,0.2,20.0,0
hawaii,Coral size,5.0,hawaii_Milolii FRA,0.0,0.0,0.2,0.2,20.0,0
hawaii,Coral size,15.0,hawaii_Milolii FRA,0.0,0.0,0.0,0.0,0.0,0
hawaii,Coral size,25.0,hawaii_Milolii FRA,0.0,0.0,0.0,0.0,0.0,0
hawaii,Coral size,35.0,hawaii_Milolii FRA,0.0,0.0,0.0,0.0,0.0,0
hawaii,Coral size,45.0,hawaii_Milolii FRA,0.0,0.0,0.0,0.0,0.0,0
hawaii,Coral size,55.0,hawaii_Milolii FRA,0.0,0.0,0.0,0.0,0.0,0
hawaii,Coral size,65.0,hawaii_Milolii FRA,0.0,0.0,0.02,0.05,2.0,0
hawaii,Development,0.0,hawaii_Milolii FRA,0.0,0.0,0.02,0.05,2.0,0
hawaii,Development,0.1,hawaii_Milolii FRA,0.0,0.01,0.02,0.04,2.0,0
hawaii,Development,0.2,hawaii_Milolii FRA,0.0,0.01,0.02,0.04,2.0,0
hawaii,Development,0.3,hawaii_Milolii FRA,0.0,0.01,0.02,0.04,2.0,0
hawaii,Development,0.4,hawaii_Milolii FRA,0.0,0.01,0.02,0.04,2.0,0
hawaii,Development,0.5,hawaii_Milolii FRA,0.0,0.01,0.02,0.04,2.0,0
hawaii,Development,0.6,hawaii_Milolii FRA,0.0,0.01,0.02,0.04,2.0,0
hawaii,Development,0.7,hawaii_Milolii FRA,0.0,0.01,0.02,0.04,2.0,0
hawaii,Development,0.8,hawaii_Milolii FRA,0.0,0.01,0.02,0.04,2.0,0
hawaii,Development,0.9,hawaii_Milolii FRA,0.0,0.01,0.02,0.04,2.0,0
hawaii,Development,1.0,hawaii_Milolii FRA,0.0,0.01,0.02,0.04,2.0,0
hawaii,Fish,0.1,hawaii_Milolii FRA,0.0,0.02,0.05,0.2519999999999999,5.0,0
hawaii,Fish,0.2,hawaii_Milolii FRA,0.0,0.02,0.05,0.2519999999999999,5.0,0
hawaii,Fish,0.3,hawaii_Milolii FRA,0.0,0.01,0.02,0.04,2.0,0
hawaii,Fish,0.4,hawaii_Milolii FRA,0.0,0.01,0.02,0.04,2.0,0
hawaii,Fish,0.5,hawaii_Milolii FRA,0.0,0.01,0.02,0.04,2.0,0
hawaii,Fish,0.6,hawaii_Milolii FRA,0.0,0.01,0.02,0.04,2.0,0
hawaii,Fish,0.7,hawaii_Milolii FRA,0.0,0.01,0.02,0.04,2.0,0
hawaii,Turbidity,0.0,hawaii_Milolii FRA,0.0,0.01,0.02,0.04,2.0,0
hawaii,Turbidity,0.1,hawaii_Milolii FRA,0.0,0.01,0.02,0.0409999999999999,2.0,0
hawaii,Turbidity,0.2,hawaii_Milolii FRA,0.0,0.02,0.2,0.2,20.0,0
hawaii,Turbidity,0.3,hawaii_Milolii FRA,0.0,0.02,0.2,0.2,20.0,0
hawaii,Turbidity,0.4,hawaii_Milolii FRA,0.0,0.02,0.2,0.2,20.0,0
hawaii,Turbidity,0.5,hawaii_Milolii FRA,0.0,0.02,0.2,0.2,20.0,0
hawaii,Coral size,5.0,hawaii_Moku Hooniki-Lipoa Pt (BRFA H),0.0,0.0,0.0,0.0,0.0,0
hawaii,Coral size,15.0,hawaii_Moku Hooniki-Lipoa Pt (BRFA H),0.0,0.0,0.0,0.0,0.0,0
hawaii,Coral size,25.0,hawaii_Moku Hooniki-Lipoa Pt (BRFA H),0.0,0.0,0.01,0.04,1.0,0
hawaii,Coral size,35.0,hawaii_Moku Hooniki-Lipoa Pt (BRFA H),0.0,0.0,0.01,0.0809999999999999,1.0,0
hawaii,Coral size,45.0,hawaii_Moku Hooniki-Lipoa Pt (BRFA H),0.0,0.0,0.01,0.2049999999999997,1.0,0
hawaii,Coral size,55.0,hawaii_Moku Hooniki-Lipoa Pt (BRFA H),0.0,0.0,0.01,0.2049999999999997,1.0,0
hawaii,Coral size,65.0,hawaii_Moku Hooniki-Lipoa Pt (BRFA H),0.0,0.0,0.0325,0.6519999999999999,3.0,0
hawaii,Development,0.0,hawaii_Moku Hooniki-Lipoa Pt (BRFA H),0.0,0.01,0.3175,0.87,32.0,0
hawaii,Development,0.1,hawaii_Moku Hooniki-Lipoa Pt (BRFA H),0.0,0.01,0.4,0.56,40.0,0
hawaii,Development,0.2,hawaii_Moku Hooniki-Lipoa Pt (BRFA H),0.0,0.23,0.31,0.47,31.0,0
hawaii,Development,0.3,hawaii_Moku Hooniki-Lipoa Pt (BRFA H),0.0,0.23,0.31,0.47,31.0,0
hawaii,Development,0.4,hawaii_Moku Hooniki-Lipoa Pt (BRFA H),0.0,0.23,0.31,0.47,31.0,0
hawaii,Development,0.5,hawaii_Moku Hooniki-Lipoa Pt (BRFA H),0.0,0.23,0.31,0.47,31.0,0
hawaii,Development,0.6,hawaii_Moku Hooniki-Lipoa Pt (BRFA H),0.0,0.23,0.2925,0.47,29.0,0
hawaii,Development,0.7,hawaii_Moku Hooniki-Lipoa Pt (BRFA H),0.0,0.23,0.2925,0.47,29.0,0
hawaii,Development,0.8,hawaii_Moku Hooniki-Lipoa Pt (BRFA H),0.0,0.23,0.2925,0.47,29.0,0
hawaii,Development,0.9,hawaii_Moku Hooniki-Lipoa Pt (BRFA H),0.0,0.23,0.2925,0.47,29.0,0
hawaii,Development,1.0,hawaii_Moku Hooniki-Lipoa Pt (BRFA H),0.0,0.23,0.2925,0.47,29.0,0
hawaii,Fish,0.1,hawaii_Moku Hooniki-Lipoa Pt (BRFA H),0.0,0.22,0.28,0.47,28.0,0
hawaii,Fish,0.2,hawaii_Moku Hooniki-Lipoa Pt (BRFA H),0.0,0.23,0.31,0.47,31.0,0
hawaii,Fish,0.3,hawaii_Moku Hooniki-Lipoa Pt (BRFA H),0.0,0.77,0.83,0.85,83.0,0
hawaii,Fish,0.4,hawaii_Moku Hooniki-Lipoa Pt (BRFA H),0.0,0.77,0.83,0.85,83.0,0
hawaii,Fish,0.5,hawaii_Moku Hooniki-Lipoa Pt (BRFA H),0.0,0.77,0.83,0.85,83.0,0
hawaii,Fish,0.6,hawaii_Moku Hooniki-Lipoa Pt (BRFA H),0.0,0.77,0.83,0.85,83.0,0
hawaii,Fish,0.7,hawaii_Moku Hooniki-Lipoa Pt (BRFA H),0.0,0.77,0.83,0.85,83.0,0
hawaii,Turbidity,0.0,hawaii_Moku Hooniki-Lipoa Pt (BRFA H),0.0,0.77,0.83,0.85,83.0,0
hawaii,Turbidity,0.1,hawaii_Moku Hooniki-Lipoa Pt (BRFA H),0.0,0.77,0.83,0.85,83.0,0
hawaii,Turbidity,0.2,hawaii_Moku Hooniki-Lipoa Pt (BRFA H),0.0,0.77,0.83,0.85,83.0,0
hawaii,Turbidity,0.3,hawaii_Moku Hooniki-Lipoa Pt (BRFA H),0.0,0.77,0.83,0.84,83.0,0
hawaii,Turbidity,0.4,hawaii_Moku Hooniki-Lipoa Pt (BRFA H),0.0,0.77,0.83,0.84,83.0,0
hawaii,Turbidity,0.5,hawaii_Moku Hooniki-Lipoa Pt (BRFA H),0.0,0.77,0.83,0.84,83.0,0
hawaii,Coral size,5.0,hawaii_Mokumana-Umalei Pt (BRFA J),0.0,0.0,0.0,0.01,0.0,0
hawaii,Coral size,15.0,hawaii_Mokumana-Umalei Pt (BRFA J),0.0,0.0,0.0,0.005,0.0,0
hawaii,Coral size,25.0,hawaii_Mokumana-Umalei Pt (BRFA J),0.0,0.0,0.01,0.03549999999999995,1.0,0
hawaii,Coral size,35.0,hawaii_Mokumana-Umalei Pt (BRFA J),0.0,0.0,0.01,0.07549999999999996,1.0,0
hawaii,Coral size,45.0,hawaii_Mokumana-Umalei Pt (BRFA J),0.0,0.0,0.01,0.13649999999999957,1.0,0
hawaii,Coral size,55.0,hawaii_Mokumana-Umalei Pt (BRFA J),0.0,0.0,0.01,0.15449999999999964,1.0,0
hawaii,Coral size,65.0,hawaii_Mokumana-Umalei Pt (BRFA J),0.0,0.0,0.02625,0.5739999999999998,2.5,0
hawaii,Development,0.0,hawaii_Mokumana-Umalei Pt (BRFA J),0.0,0.0,0.16749999999999998,0.8514999999999999,16.5,0
hawaii,Development,0.1,hawaii_Mokumana-Umalei Pt (BRFA J),0.0,0.01,0.39625,0.5555,39.5,0
hawaii,Development,0.2,hawaii_Mokumana-Umalei Pt (BRFA J),0.0,0.225,0.31,0.47,31.0,0
hawaii,Development,0.3,hawaii_Mokumana-Umalei Pt (BRFA J),0.0,0.225,0.31,0.47,31.0,0
hawaii,Development,0.4,hawaii_Mokumana-Umalei Pt (BRFA J),0.0,0.22,0.31,0.47,31.0,0
hawaii,Development,0.5,hawaii_Mokumana-Umalei Pt (BRFA J),0.0,0.22,0.315,0.47,31.5,0
hawaii,Development,0.6,hawaii_Mokumana-Umalei Pt (BRFA J),0.0,0.22,0.30625,0.47,30.5,0
hawaii,Development,0.7,hawaii_Mokumana-Umalei Pt (BRFA J),0.0,0.22,0.30625,0.47,30.5,0
hawaii,Development,0.8,hawaii_Mokumana-Umalei Pt (BRFA J),0.0,0.22,0.30625,0.47,30.5,0
hawaii,Development,0.9,hawaii_Mokumana-Umalei Pt (BRFA J),0.0,0.22,0.30625,0.47,30.5,0
hawaii,Development,1.0,hawaii_Mokumana-Umalei Pt (BRFA J),0.0,0.22,0.30625,0.47,30.5,0
hawaii,Fish,0.1,hawaii_Mokumana-Umalei Pt (BRFA J),0.0,0.20500000000000002,0.2875,0.47,28.5,0
hawaii,Fish,0.2,hawaii_Mokumana-Umalei Pt (BRFA J),0.0,0.2225,0.315,0.47,31.5,0
hawaii,Fish,0.3,hawaii_Mokumana-Umalei Pt (BRFA J),0.0,0.77,0.83,0.85,83.0,0
hawaii,Fish,0.4,hawaii_Mokumana-Umalei Pt (BRFA J),0.0,0.77,0.83,0.85,83.0,0
hawaii,Fish,0.5,hawaii_Mokumana-Umalei Pt (BRFA J),0.0,0.77,0.83,0.85,83.0,0
hawaii,Fish,0.6,hawaii_Mokumana-Umalei Pt (BRFA J),0.0,0.77,0.83,0.85,83.0,0
hawaii,Fish,0.7,hawaii_Mokumana-Umalei Pt (BRFA J),0.0,0.77,0.83,0.85,83.0,0
hawaii,Turbidity,0.0,hawaii_Mokumana-Umalei Pt (BRFA J),0.0,0.77,0.83,0.85,83.0,0
hawaii,Turbidity,0.1,hawaii_Mokumana-Umalei Pt (BRFA J),0.0,0.77,0.83,0.85,83.0,0
hawaii,Turbidity,0.2,hawaii_Mokumana-Umalei Pt (BRFA J),0.0,0.77,0.83,0.85,83.0,0
hawaii,Turbidity,0.3,hawaii_Mokumana-Umalei Pt (BRFA J),0.0,0.77,0.83,0.84,83.0,0
hawaii,Turbidity,0.4,hawaii_Mokumana-Umalei Pt (BRFA J),0.0,0.77,0.83,0.84,83.0,0
hawaii,Turbidity,0.5,hawaii_Mokumana-Umalei Pt (BRFA J),0.0,0.77,0.83,0.84,83.0,0
hawaii,Coral size,5.0,hawaii_Mokuoloe (Coconut Island) MLR,5.0,0.03,0.04,0.06,-1.0,0
hawaii,Coral size,15.0,hawaii_Mokuoloe (Coconut Island) MLR,5.0,0.04,0.05,0.07,0.0,0
hawaii,Coral size,25.0,hawaii_Mokuoloe (Coconut Island) MLR,5.0,0.205,0.28,0.35,23.0,0
hawaii,Coral size,35.0,hawaii_Mokuoloe (Coconut Island) MLR,5.0,0.04,0.2725,0.35,22.0,0
hawaii,Coral size,45.0,hawaii_Mokuoloe (Coconut Island) MLR,5.0,0.04,0.2725,0.35,22.0,0
hawaii,Coral size,55.0,hawaii_Mokuoloe (Coconut Island) MLR,5.0,0.04,0.28,0.35,23.0,0
hawaii,Coral size,65.0,hawaii_Mokuoloe (Coconut Island) MLR,5.0,0.04,0.28,0.35,23.0,0
hawaii,Development,0.0,hawaii_Mokuoloe (Coconut Island) MLR,5.0,0.89,0.93,0.94,88.0,0
hawaii,Development,0.1,hawaii_Mokuoloe (Coconut Island) MLR,5.0,0.04,0.89,0.93,84.0,0
hawaii,Development,0.2,hawaii_Mokuoloe (Coconut Island) MLR,5.0,0.04,0.28,0.35,23.0,0
hawaii,Development,0.3,hawaii_Mokuoloe (Coconut Island) MLR,5.0,0.04,0.28,0.35,23.0,0
hawaii,Development,0.4,hawaii_Mokuoloe (Coconut Island) MLR,5.0,0.04,0.28,0.35,23.0,0
hawaii,Development,0.5,hawaii_Mokuoloe (Coconut Island) MLR,5.0,0.04,0.32,0.35,27.0,0
hawaii,Development,0.6,hawaii_Mokuoloe (Coconut Island) MLR,5.0,0.04,0.285,0.35,24.0,0
hawaii,Development,0.7,hawaii_Mokuoloe (Coconut Island) MLR,5.0,0.04,0.28,0.35,23.0,0
hawaii,Development,0.8,hawaii_Mokuoloe (Coconut Island) MLR,5.0,0.04,0.28,0.35,23.0,0
hawaii,Development,0.9,hawaii_Mokuoloe (Coconut Island) MLR,5.0,0.04,0.28,0.35,23.0,0
hawaii,Development,1.0,hawaii_Mokuoloe (Coconut Island) MLR,5.0,0.04,0.28,0.35,23.0,0
hawaii,Fish,0.1,hawaii_Mokuoloe (Coconut Island) MLR,5.0,0.27,0.35,0.35,30.0,0
hawaii,Fish,0.2,hawaii_Mokuoloe (Coconut Island) MLR,5.0,0.27,0.32,0.35,27.0,0
hawaii,Fish,0.3,hawaii_Mokuoloe (Coconut Island) MLR,5.0,0.775,0.83,0.85,78.0,0
hawaii,Fish,0.4,hawaii_Mokuoloe (Coconut Island) MLR,5.0,0.77,0.83,0.85,78.0,0
hawaii,Fish,0.5,hawaii_Mokuoloe (Coconut Island) MLR,5.0,0.77,0.83,0.85,78.0,0
hawaii,Fish,0.6,hawaii_Mokuoloe (Coconut Island) MLR,5.0,0.77,0.83,0.85,78.0,0
hawaii,Fish,0.7,hawaii_Mokuoloe (Coconut Island) MLR,5.0,0.77,0.83,0.85,78.0,0
hawaii,Turbidity,0.0,hawaii_Mokuoloe (Coconut Island) MLR,5.0,0.77,0.8325,0.85,78.0,0
hawaii,Turbidity,0.1,hawaii_Mokuoloe (Coconut Island) MLR,5.0,0.77,0.84,0.85,79.0,0
hawaii,Turbidity,0.2,hawaii_Mokuoloe (Coconut Island) MLR,5.0,0.77,0.84,0.85,79.0,0
hawaii,Turbidity,0.3,hawaii_Mokuoloe (Coconut Island) MLR,5.0,0.77,0.83,0.85,78.0,0
hawaii,Turbidity,0.4,hawaii_Mokuoloe (Coconut Island) MLR,5.0,0.77,0.83,0.85,78.0,0
hawaii,Turbidity,0.5,hawaii_Mokuoloe (Coconut Island) MLR,5.0,0.77,0.83,0.85,78.0,0
hawaii,Coral size,5.0,hawaii_Molokini Shoal MLCD: Zone A,0.0,0.0,0.0,0.0,0.0,0
hawaii,Coral size,15.0,hawaii_Molokini Shoal MLCD: Zone A,0.0,0.0,0.0,0.0,0.0,0
hawaii,Coral size,25.0,hawaii_Molokini Shoal MLCD: Zone A,0.0,0.0,0.01,0.03,1.0,0
hawaii,Coral size,35.0,hawaii_Molokini Shoal MLCD: Zone A,0.0,0.0,0.01,0.05,1.0,0
hawaii,Coral size,45.0,hawaii_Molokini Shoal MLCD: Zone A,0.0,0.0,0.01,0.0709999999999999,1.0,0
hawaii,Coral size,55.0,hawaii_Molokini Shoal MLCD: Zone A,0.0,0.0,0.01,0.08,1.0,0
hawaii,Coral size,65.0,hawaii_Molokini Shoal MLCD: Zone A,0.0,0.0,0.02,0.4959999999999996,2.0,0
hawaii,Development,0.0,hawaii_Molokini Shoal MLCD: Zone A,0.0,0.0,0.0425,0.87,4.0,0
hawaii,Development,0.1,hawaii_Molokini Shoal MLCD: Zone A,0.0,0.0,0.33,0.4929999999999998,33.0,0
hawaii,Development,0.2,hawaii_Molokini Shoal MLCD: Zone A,0.0,0.2,0.2875,0.47,29.0,0
hawaii,Development,0.3,hawaii_Molokini Shoal MLCD: Zone A,0.0,0.21,0.2875,0.47,29.0,0
hawaii,Development,0.4,hawaii_Molokini Shoal MLCD: Zone A,0.0,0.17,0.31,0.47,31.0,0
hawaii,Development,0.5,hawaii_Molokini Shoal MLCD: Zone A,0.0,0.17,0.31,0.47,31.0,0
hawaii,Development,0.6,hawaii_Molokini Shoal MLCD: Zone A,0.0,0.17,0.285,0.47,29.0,0
hawaii,Development,0.7,hawaii_Molokini Shoal MLCD: Zone A,0.0,0.17,0.285,0.47,29.0,0
hawaii,Development,0.8,hawaii_Molokini Shoal MLCD: Zone A,0.0,0.17,0.285,0.47,29.0,0
hawaii,Development,0.9,hawaii_Molokini Shoal MLCD: Zone A,0.0,0.17,0.285,0.47,29.0,0
hawaii,Development,1.0,hawaii_Molokini Shoal MLCD: Zone A,0.0,0.17,0.285,0.47,29.0,0
hawaii,Fish,0.1,hawaii_Molokini Shoal MLCD: Zone A,0.0,0.12,0.28,0.47,28.0,0
hawaii,Fish,0.2,hawaii_Molokini Shoal MLCD: Zone A,0.0,0.21,0.31,0.47,31.0,0
hawaii,Fish,0.3,hawaii_Molokini Shoal MLCD: Zone A,0.0,0.08,0.23,0.47,23.0,0
hawaii,Fish,0.4,hawaii_Molokini Shoal MLCD: Zone A,0.0,0.0849999999999999,0.12,0.23,12.0,0
hawaii,Fish,0.5,hawaii_Molokini Shoal MLCD: Zone A,0.0,0.0849999999999999,0.12,0.23,12.0,0
hawaii,Fish,0.6,hawaii_Molokini Shoal MLCD: Zone A,0.0,0.0849999999999999,0.12,0.23,12.0,0
hawaii,Fish,0.7,hawaii_Molokini Shoal MLCD: Zone A,0.0,0.0849999999999999,0.12,0.23,12.0,0
hawaii,Turbidity,0.0,hawaii_Molokini Shoal MLCD: Zone A,0.0,0.0849999999999999,0.22,0.2939999999999997,22.0,0
hawaii,Turbidity,0.1,hawaii_Molokini Shoal MLCD: Zone A,0.0,0.0849999999999999,0.23,0.23,23.0,0
hawaii,Turbidity,0.2,hawaii_Molokini Shoal MLCD: Zone A,0.0,0.0849999999999999,0.23,0.23,23.0,0
hawaii,Turbidity,0.3,hawaii_Molokini Shoal MLCD: Zone A,0.0,0.08,0.23,0.23,23.0,0
hawaii,Turbidity,0.4,hawaii_Molokini Shoal MLCD: Zone A,0.0,0.065,0.23,0.23,23.0,0
hawaii,Turbidity,0.5,hawaii_Molokini Shoal MLCD: Zone A,0.0,0.065,0.23,0.23,23.0,0
hawaii,Coral size,5.0,hawaii_Molokini Shoal MLCD: Zone B,0.0,0.0,0.0,0.0,0.0,0
hawaii,Coral size,15.0,hawaii_Molokini Shoal MLCD: Zone B,0.0,0.0,0.0,0.0,0.0,0
hawaii,Coral size,25.0,hawaii_Molokini Shoal MLCD: Zone B,0.0,0.0,0.01,0.03,1.0,0
hawaii,Coral size,35.0,hawaii_Molokini Shoal MLCD: Zone B,0.0,0.0,0.01,0.05,1.0,0
hawaii,Coral size,45.0,hawaii_Molokini Shoal MLCD: Zone B,0.0,0.0,0.01,0.0709999999999999,1.0,0
hawaii,Coral size,55.0,hawaii_Molokini Shoal MLCD: Zone B,0.0,0.0,0.01,0.08,1.0,0
hawaii,Coral size,65.0,hawaii_Molokini Shoal MLCD: Zone B,0.0,0.0,0.02,0.4959999999999996,2.0,0
hawaii,Development,0.0,hawaii_Molokini Shoal MLCD: Zone B,0.0,0.0,0.0425,0.87,4.0,0
hawaii,Development,0.1,hawaii_Molokini Shoal MLCD: Zone B,0.0,0.0,0.33,0.4929999999999998,33.0,0
hawaii,Development,0.2,hawaii_Molokini Shoal MLCD: Zone B,0.0,0.2,0.2875,0.47,29.0,0
hawaii,Development,0.3,hawaii_Molokini Shoal MLCD: Zone B,0.0,0.21,0.2875,0.47,29.0,0
hawaii,Development,0.4,hawaii_Molokini Shoal MLCD: Zone B,0.0,0.17,0.31,0.47,31.0,0
hawaii,Development,0.5,hawaii_Molokini Shoal MLCD: Zone B,0.0,0.17,0.31,0.47,31.0,0
hawaii,Development,0.6,hawaii_Molokini Shoal MLCD: Zone B,0.0,0.17,0.285,0.47,29.0,0
hawaii,Development,0.7,hawaii_Molokini Shoal MLCD: Zone B,0.0,0.17,0.285,0.47,29.0,0
hawaii,Development,0.8,hawaii_Molokini Shoal MLCD: Zone B,0.0,0.17,0.285,0.47,29.0,0
hawaii,Development,0.9,hawaii_Molokini Shoal MLCD: Zone B,0.0,0.17,0.285,0.47,29.0,0
hawaii,Development,1.0,hawaii_Molokini Shoal MLCD: Zone B,0.0,0.17,0.285,0.47,29.0,0
hawaii,Fish,0.1,hawaii_Molokini Shoal MLCD: Zone B,0.0,0.12,0.28,0.47,28.0,0
hawaii,Fish,0.2,hawaii_Molokini Shoal MLCD: Zone B,0.0,0.21,0.31,0.47,31.0,0
hawaii,Fish,0.3,hawaii_Molokini Shoal MLCD: Zone B,0.0,0.08,0.23,0.47,23.0,0
hawaii,Fish,0.4,hawaii_Molokini Shoal MLCD: Zone B,0.0,0.0849999999999999,0.12,0.23,12.0,0
hawaii,Fish,0.5,hawaii_Molokini Shoal MLCD: Zone B,0.0,0.0849999999999999,0.12,0.23,12.0,0
hawaii,Fish,0.6,hawaii_Molokini Shoal MLCD: Zone B,0.0,0.0849999999999999,0.12,0.23,12.0,0
hawaii,Fish,0.7,hawaii_Molokini Shoal MLCD: Zone B,0.0,0.0849999999999999,0.12,0.23,12.0,0
hawaii,Turbidity,0.0,hawaii_Molokini Shoal MLCD: Zone B,0.0,0.0849999999999999,0.22,0.2939999999999997,22.0,0
hawaii,Turbidity,0.1,hawaii_Molokini Shoal MLCD: Zone B,0.0,0.0849999999999999,0.23,0.23,23.0,0
hawaii,Turbidity,0.2,hawaii_Molokini Shoal MLCD: Zone B,0.0,0.0849999999999999,0.23,0.23,23.0,0
hawaii,Turbidity,0.3,hawaii_Molokini Shoal MLCD: Zone B,0.0,0.08,0.23,0.23,23.0,0
hawaii,Turbidity,0.4,hawaii_Molokini Shoal MLCD: Zone B,0.0,0.065,0.23,0.23,23.0,0
hawaii,Turbidity,0.5,hawaii_Molokini Shoal MLCD: Zone B,0.0,0.065,0.23,0.23,23.0,0
hawaii,Coral size,5.0,hawaii_Napoopoo-Honaunau FRA,0.0,0.0,0.2,0.2,20.0,0
hawaii,Coral size,15.0,hawaii_Napoopoo-Honaunau FRA,0.0,0.0,0.0,0.0,0.0,0
hawaii,Coral size,25.0,hawaii_Napoopoo-Honaunau FRA,0.0,0.0,0.0,0.005,0.0,0
hawaii,Coral size,35.0,hawaii_Napoopoo-Honaunau FRA,0.0,0.0,0.0,0.00049999999999995,0.0,0
hawaii,Coral size,45.0,hawaii_Napoopoo-Honaunau FRA,0.0,0.0,0.0,0.00049999999999995,0.0,0
hawaii,Coral size,55.0,hawaii_Napoopoo-Honaunau FRA,0.0,0.0,0.0,0.00049999999999995,0.0,0
hawaii,Coral size,65.0,hawaii_Napoopoo-Honaunau FRA,0.0,0.005,0.02,0.05,2.0,0
hawaii,Development,0.0,hawaii_Napoopoo-Honaunau FRA,0.0,0.01,0.025,0.05,2.5,0
hawaii,Development,0.1,hawaii_Napoopoo-Honaunau FRA,0.0,0.01,0.02,0.05,2.0,0
hawaii,Development,0.2,hawaii_Napoopoo-Honaunau FRA,0.0,0.01,0.02,0.05,2.0,0
hawaii,Development,0.3,hawaii_Napoopoo-Honaunau FRA,0.0,0.01,0.02,0.05,2.0,0
hawaii,Development,0.4,hawaii_Napoopoo-Honaunau FRA,0.0,0.01,0.02,0.05,2.0,0
hawaii,Development,0.5,hawaii_Napoopoo-Honaunau FRA,0.0,0.01,0.02,0.05,2.0,0
hawaii,Development,0.6,hawaii_Napoopoo-Honaunau FRA,0.0,0.01,0.02,0.05,2.0,0
hawaii,Development,0.7,hawaii_Napoopoo-Honaunau FRA,0.0,0.01,0.02,0.05,2.0,0
hawaii,Development,0.8,hawaii_Napoopoo-Honaunau FRA,0.0,0.01,0.02,0.05,2.0,0
hawaii,Development,0.9,hawaii_Napoopoo-Honaunau FRA,0.0,0.01,0.02,0.05,2.0,0
hawaii,Development,1.0,hawaii_Napoopoo-Honaunau FRA,0.0,0.01,0.02,0.05,2.0,0
hawaii,Fish,0.1,hawaii_Napoopoo-Honaunau FRA,0.0,0.02,0.06375,0.2859999999999999,6.5,0
hawaii,Fish,0.2,hawaii_Napoopoo-Honaunau FRA,0.0,0.02,0.07500000000000001,0.28149999999999986,7.5,0
hawaii,Fish,0.3,hawaii_Napoopoo-Honaunau FRA,0.0,0.01,0.02,0.05,2.0,0
hawaii,Fish,0.4,hawaii_Napoopoo-Honaunau FRA,0.0,0.01,0.02,0.05,2.0,0
hawaii,Fish,0.5,hawaii_Napoopoo-Honaunau FRA,0.0,0.01,0.02,0.05,2.0,0
hawaii,Fish,0.6,hawaii_Napoopoo-Honaunau FRA,0.0,0.01,0.02,0.05,2.0,0
hawaii,Fish,0.7,hawaii_Napoopoo-Honaunau FRA,0.0,0.01,0.02,0.05,2.0,0
hawaii,Turbidity,0.0,hawaii_Napoopoo-Honaunau FRA,0.0,0.01,0.02,0.05,2.0,0
hawaii,Turbidity,0.1,hawaii_Napoopoo-Honaunau FRA,0.0,0.01,0.02,0.05,2.0,0
hawaii,Turbidity,0.2,hawaii_Napoopoo-Honaunau FRA,0.0,0.02,0.2,0.2,20.0,0
hawaii,Turbidity,0.3,hawaii_Napoopoo-Honaunau FRA,0.0,0.02,0.2,0.2,20.0,0
hawaii,Turbidity,0.4,hawaii_Napoopoo-Honaunau FRA,0.0,0.02,0.2,0.2,20.0,0
hawaii,Turbidity,0.5,hawaii_Napoopoo-Honaunau FRA,0.0,0.02,0.2,0.2,20.0,0
hawaii,Coral size,5.0,hawaii_Nawiliwili Harbor FMA,0.0,0.0,0.0,0.0,0.0,0
hawaii,Coral size,15.0,hawaii_Nawiliwili Harbor FMA,0.0,0.0,0.0,0.0,0.0,0
hawaii,Coral size,25.0,hawaii_Nawiliwili Harbor FMA,0.0,0.0,0.01,0.4339999999999998,1.0,0
hawaii,Coral size,35.0,hawaii_Nawiliwili Harbor FMA,0.0,0.0,0.01,0.4339999999999998,1.0,0
hawaii,Coral size,45.0,hawaii_Nawiliwili Harbor FMA,0.0,0.0,0.01,0.4209999999999999,1.0,0
hawaii,Coral size,55.0,hawaii_Nawiliwili Harbor FMA,0.0,0.0,0.01,0.4209999999999999,1.0,0
hawaii,Coral size,65.0,hawaii_Nawiliwili Harbor FMA,0.0,0.0,0.45,0.88,45.0,0
hawaii,Development,0.0,hawaii_Nawiliwili Harbor FMA,0.0,0.01,0.87,0.8909999999999999,87.0,0
hawaii,Development,0.1,hawaii_Nawiliwili Harbor FMA,0.0,0.0,0.45,0.88,45.0,0
hawaii,Development,0.2,hawaii_Nawiliwili Harbor FMA,0.0,0.03,0.2725,0.3309999999999999,27.0,0
hawaii,Development,0.3,hawaii_Nawiliwili Harbor FMA,0.0,0.03,0.28,0.34,28.0,0
hawaii,Development,0.4,hawaii_Nawiliwili Harbor FMA,0.0,0.03,0.28,0.34,28.0,0
hawaii,Development,0.5,hawaii_Nawiliwili Harbor FMA,0.0,0.03,0.28,0.34,28.0,0
hawaii,Development,0.6,hawaii_Nawiliwili Harbor FMA,0.0,0.03,0.26,0.3209999999999999,26.0,0
hawaii,Development,0.7,hawaii_Nawiliwili Harbor FMA,0.0,0.03,0.26,0.3209999999999999,26.0,0
hawaii,Development,0.8,hawaii_Nawiliwili Harbor FMA,0.0,0.03,0.26,0.3209999999999999,26.0,0
hawaii,Development,0.9,hawaii_Nawiliwili Harbor FMA,0.0,0.03,0.26,0.3209999999999999,26.0,0
hawaii,Development,1.0,hawaii_Nawiliwili Harbor FMA,0.0,0.03,0.26,0.3209999999999999,26.0,0
hawaii,Fish,0.1,hawaii_Nawiliwili Harbor FMA,0.0,0.26,0.28,0.34,28.0,0
hawaii,Fish,0.2,hawaii_Nawiliwili Harbor FMA,0.0,0.26,0.28,0.33,28.0,0
hawaii,Fish,0.3,hawaii_Nawiliwili Harbor FMA,0.0,0.31,0.83,0.85,83.0,0
hawaii,Fish,0.4,hawaii_Nawiliwili Harbor FMA,0.0,0.27,0.83,0.85,83.0,0
hawaii,Fish,0.5,hawaii_Nawiliwili Harbor FMA,0.0,0.27,0.83,0.85,83.0,0
hawaii,Fish,0.6,hawaii_Nawiliwili Harbor FMA,0.0,0.27,0.83,0.85,83.0,0
hawaii,Fish,0.7,hawaii_Nawiliwili Harbor FMA,0.0,0.27,0.83,0.85,83.0,0
hawaii,Turbidity,0.0,hawaii_Nawiliwili Harbor FMA,0.0,0.59,0.83,0.85,83.0,0
hawaii,Turbidity,0.1,hawaii_Nawiliwili Harbor FMA,0.0,0.27,0.83,0.85,83.0,0
hawaii,Turbidity,0.2,hawaii_Nawiliwili Harbor FMA,0.0,0.27,0.83,0.85,83.0,0
hawaii,Turbidity,0.3,hawaii_Nawiliwili Harbor FMA,0.0,0.27,0.83,0.84,83.0,0
hawaii,Turbidity,0.4,hawaii_Nawiliwili Harbor FMA,0.0,0.27,0.83,0.84,83.0,0
hawaii,Turbidity,0.5,hawaii_Nawiliwili Harbor FMA,0.0,0.27,0.83,0.84,83.0,0
hawaii,Coral size,5.0,hawaii_Nenue Point-Kealakekua Bay NRA,0.0,0.0,0.2,0.2,20.0,0
hawaii,Coral size,15.0,hawaii_Nenue Point-Kealakekua Bay NRA,0.0,0.0,0.0,0.0,0.0,0
hawaii,Coral size,25.0,hawaii_Nenue Point-Kealakekua Bay NRA,0.0,0.0,0.0,0.0409999999999999,0.0,0
hawaii,Coral size,35.0,hawaii_Nenue Point-Kealakekua Bay NRA,0.0,0.0,0.0,0.05,0.0,0
hawaii,Coral size,45.0,hawaii_Nenue Point-Kealakekua Bay NRA,0.0,0.0,0.0,0.05,0.0,0
hawaii,Coral size,55.0,hawaii_Nenue Point-Kealakekua Bay NRA,0.0,0.0,0.0,0.05,0.0,0
hawaii,Coral size,65.0,hawaii_Nenue Point-Kealakekua Bay NRA,0.0,0.01,0.03,0.06,3.0,0
hawaii,Development,0.0,hawaii_Nenue Point-Kealakekua Bay NRA,0.0,0.02,0.03,0.0609999999999999,3.0,0
hawaii,Development,0.1,hawaii_Nenue Point-Kealakekua Bay NRA,0.0,0.01,0.03,0.06,3.0,0
hawaii,Development,0.2,hawaii_Nenue Point-Kealakekua Bay NRA,0.0,0.01,0.03,0.06,3.0,0
hawaii,Development,0.3,hawaii_Nenue Point-Kealakekua Bay NRA,0.0,0.02,0.03,0.06,3.0,0
hawaii,Development,0.4,hawaii_Nenue Point-Kealakekua Bay NRA,0.0,0.02,0.03,0.06,3.0,0
hawaii,Development,0.5,hawaii_Nenue Point-Kealakekua Bay NRA,0.0,0.02,0.03,0.06,3.0,0
hawaii,Development,0.6,hawaii_Nenue Point-Kealakekua Bay NRA,0.0,0.02,0.03,0.06,3.0,0
hawaii,Development,0.7,hawaii_Nenue Point-Kealakekua Bay NRA,0.0,0.02,0.03,0.06,3.0,0
hawaii,Development,0.8,hawaii_Nenue Point-Kealakekua Bay NRA,0.0,0.02,0.03,0.06,3.0,0
hawaii,Development,0.9,hawaii_Nenue Point-Kealakekua Bay NRA,0.0,0.02,0.03,0.06,3.0,0
hawaii,Development,1.0,hawaii_Nenue Point-Kealakekua Bay NRA,0.0,0.02,0.03,0.06,3.0,0
hawaii,Fish,0.1,hawaii_Nenue Point-Kealakekua Bay NRA,0.0,0.02,0.05,0.2519999999999999,5.0,0
hawaii,Fish,0.2,hawaii_Nenue Point-Kealakekua Bay NRA,0.0,0.02,0.05,0.2519999999999999,5.0,0
hawaii,Fish,0.3,hawaii_Nenue Point-Kealakekua Bay NRA,0.0,0.02,0.03,0.06,3.0,0
hawaii,Fish,0.4,hawaii_Nenue Point-Kealakekua Bay NRA,0.0,0.02,0.03,0.06,3.0,0
hawaii,Fish,0.5,hawaii_Nenue Point-Kealakekua Bay NRA,0.0,0.02,0.03,0.06,3.0,0
hawaii,Fish,0.6,hawaii_Nenue Point-Kealakekua Bay NRA,0.0,0.02,0.03,0.06,3.0,0
hawaii,Fish,0.7,hawaii_Nenue Point-Kealakekua Bay NRA,0.0,0.02,0.03,0.06,3.0,0
hawaii,Turbidity,0.0,hawaii_Nenue Point-Kealakekua Bay NRA,0.0,0.02,0.03,0.06,3.0,0
hawaii,Turbidity,0.1,hawaii_Nenue Point-Kealakekua Bay NRA,0.0,0.02,0.03,0.06,3.0,0
hawaii,Turbidity,0.2,hawaii_Nenue Point-Kealakekua Bay NRA,0.0,0.02,0.2,0.2,20.0,0
hawaii,Turbidity,0.3,hawaii_Nenue Point-Kealakekua Bay NRA,0.0,0.02,0.2,0.2,20.0,0
hawaii,Turbidity,0.4,hawaii_Nenue Point-Kealakekua Bay NRA,0.0,0.02,0.2,0.2,20.0,0
hawaii,Turbidity,0.5,hawaii_Nenue Point-Kealakekua Bay NRA,0.0,0.02,0.2,0.2,20.0,0
hawaii,Coral size,5.0,hawaii_Niihau (BRFA B),0.0,0.0,0.0,0.0,0.0,0
hawaii,Coral size,15.0,hawaii_Niihau (BRFA B),0.0,0.0,0.0,0.0,0.0,0
hawaii,Coral size,25.0,hawaii_Niihau (BRFA B),0.0,0.0,0.01,0.03,1.0,0
hawaii,Coral size,35.0,hawaii_Niihau (BRFA B),0.0,0.0,0.01,0.03,1.0,0
hawaii,Coral size,45.0,hawaii_Niihau (BRFA B),0.0,0.0,0.01,0.0709999999999999,1.0,0
hawaii,Coral size,55.0,hawaii_Niihau (BRFA B),0.0,0.0,0.01,0.0709999999999999,1.0,0
hawaii,Coral size,65.0,hawaii_Niihau (BRFA B),0.0,0.0,0.02,0.49,2.0,0
hawaii,Development,0.0,hawaii_Niihau (BRFA B),0.0,0.0,0.03,0.6969999999999995,3.0,0
hawaii,Development,0.1,hawaii_Niihau (BRFA B),0.0,0.01,0.0625,0.4809999999999999,6.0,0
hawaii,Development,0.2,hawaii_Niihau (BRFA B),0.0,0.03,0.2,0.35,20.0,0
hawaii,Development,0.3,hawaii_Niihau (BRFA B),0.0,0.03,0.21,0.35,21.0,0
hawaii,Development,0.4,hawaii_Niihau (BRFA B),0.0,0.03,0.2025,0.35,20.0,0
hawaii,Development,0.5,hawaii_Niihau (BRFA B),0.0,0.03,0.2025,0.35,20.0,0
hawaii,Development,0.6,hawaii_Niihau (BRFA B),0.0,0.03,0.2025,0.35,20.0,0
hawaii,Development,0.7,hawaii_Niihau (BRFA B),0.0,0.03,0.2025,0.35,20.0,0
hawaii,Development,0.8,hawaii_Niihau (BRFA B),0.0,0.03,0.2025,0.35,20.0,0
hawaii,Development,0.9,hawaii_Niihau (BRFA B),0.0,0.03,0.2025,0.35,20.0,0
hawaii,Development,1.0,hawaii_Niihau (BRFA B),0.0,0.03,0.2025,0.35,20.0,0
hawaii,Fish,0.1,hawaii_Niihau (BRFA B),0.0,0.155,0.3125,0.47,31.0,0
hawaii,Fish,0.2,hawaii_Niihau (BRFA B),0.0,0.22,0.32,0.4709999999999999,32.0,0
hawaii,Fish,0.3,hawaii_Niihau (BRFA B),0.0,0.08,0.23,0.48,23.0,0
hawaii,Fish,0.4,hawaii_Niihau (BRFA B),0.0,0.0849999999999999,0.12,0.55,12.0,0
hawaii,Fish,0.5,hawaii_Niihau (BRFA B),0.0,0.0849999999999999,0.12,0.55,12.0,0
hawaii,Fish,0.6,hawaii_Niihau (BRFA B),0.0,0.0849999999999999,0.12,0.55,12.0,0
hawaii,Fish,0.7,hawaii_Niihau (BRFA B),0.0,0.0849999999999999,0.12,0.55,12.0,0
hawaii,Turbidity,0.0,hawaii_Niihau (BRFA B),0.0,0.0849999999999999,0.12,0.5519999999999999,12.0,0
hawaii,Turbidity,0.1,hawaii_Niihau (BRFA B),0.0,0.0849999999999999,0.23,0.23,23.0,0
hawaii,Turbidity,0.2,hawaii_Niihau (BRFA B),0.0,0.0849999999999999,0.23,0.23,23.0,0
hawaii,Turbidity,0.3,hawaii_Niihau (BRFA B),0.0,0.08,0.23,0.23,23.0,0
hawaii,Turbidity,0.4,hawaii_Niihau (BRFA B),0.0,0.065,0.23,0.23,23.0,0
hawaii,Turbidity,0.5,hawaii_Niihau (BRFA B),0.0,0.065,0.23,0.23,23.0,0
hawaii,Coral size,5.0,hawaii_North Kohala FRA,0.0,0.0,0.2,0.2,20.0,0
hawaii,Coral size,15.0,hawaii_North Kohala FRA,0.0,0.0,0.0,0.0,0.0,0
hawaii,Coral size,25.0,hawaii_North Kohala FRA,0.0,0.0,0.00125,0.015,0.0,0
hawaii,Coral size,35.0,hawaii_North Kohala FRA,0.0,0.0,0.0,0.01,0.0,0
hawaii,Coral size,45.0,hawaii_North Kohala FRA,0.0,0.0,0.0,0.01,0.0,0
hawaii,Coral size,55.0,hawaii_North Kohala FRA,0.0,0.0,0.0,0.01,0.0,0
hawaii,Coral size,65.0,hawaii_North Kohala FRA,0.0,0.01,0.02,0.04049999999999995,2.0,0
hawaii,Development,0.0,hawaii_North Kohala FRA,0.0,0.01,0.02,0.05,2.0,0
hawaii,Development,0.1,hawaii_North Kohala FRA,0.0,0.01,0.02,0.04,2.0,0
hawaii,Development,0.2,hawaii_North Kohala FRA,0.0,0.01,0.02,0.04,2.0,0
hawaii,Development,0.3,hawaii_North Kohala FRA,0.0,0.01,0.02,0.04,2.0,0
hawaii,Development,0.4,hawaii_North Kohala FRA,0.0,0.01,0.02,0.04,2.0,0
hawaii,Development,0.5,hawaii_North Kohala FRA,0.0,0.01,0.02,0.04,2.0,0
hawaii,Development,0.6,hawaii_North Kohala FRA,0.0,0.01,0.02,0.04,2.0,0
hawaii,Development,0.7,hawaii_North Kohala FRA,0.0,0.01,0.02,0.04,2.0,0
hawaii,Development,0.8,hawaii_North Kohala FRA,0.0,0.01,0.02,0.04,2.0,0
hawaii,Development,0.9,hawaii_North Kohala FRA,0.0,0.01,0.02,0.04,2.0,0
hawaii,Development,1.0,hawaii_North Kohala FRA,0.0,0.01,0.02,0.04,2.0,0
hawaii,Fish,0.1,hawaii_North Kohala FRA,0.0,0.02,0.05,0.2519999999999999,5.0,0
hawaii,Fish,0.2,hawaii_North Kohala FRA,0.0,0.02,0.0425,0.2519999999999999,4.0,0
hawaii,Fish,0.3,hawaii_North Kohala FRA,0.0,0.01,0.02,0.04,2.0,0
hawaii,Fish,0.4,hawaii_North Kohala FRA,0.0,0.01,0.02,0.04,2.0,0
hawaii,Fish,0.5,hawaii_North Kohala FRA,0.0,0.01,0.02,0.04,2.0,0
hawaii,Fish,0.6,hawaii_North Kohala FRA,0.0,0.01,0.02,0.04,2.0,0
hawaii,Fish,0.7,hawaii_North Kohala FRA,0.0,0.01,0.02,0.04,2.0,0
hawaii,Turbidity,0.0,hawaii_North Kohala FRA,0.0,0.01,0.02,0.04,2.0,0
hawaii,Turbidity,0.1,hawaii_North Kohala FRA,0.0,0.01,0.02,0.04,2.0,0
hawaii,Turbidity,0.2,hawaii_North Kohala FRA,0.0,0.02,0.2,0.2,20.0,0
hawaii,Turbidity,0.3,hawaii_North Kohala FRA,0.0,0.02,0.2,0.2,20.0,0
hawaii,Turbidity,0.4,hawaii_North Kohala FRA,0.0,0.02,0.2,0.2,20.0,0
hawaii,Turbidity,0.5,hawaii_North Kohala FRA,0.0,0.02,0.2,0.2,20.0,0
hawaii,Coral size,5.0,hawaii_Old Kona Airport MLCD,0.0,0.0,0.2,0.2,20.0,0
hawaii,Coral size,15.0,hawaii_Old Kona Airport MLCD,0.0,0.0,0.0,0.0,0.0,0
hawaii,Coral size,25.0,hawaii_Old Kona Airport MLCD,0.0,0.0,0.0,0.01,0.0,0
hawaii,Coral size,35.0,hawaii_Old Kona Airport MLCD,0.0,0.0,0.0,0.0,0.0,0
hawaii,Coral size,45.0,hawaii_Old Kona Airport MLCD,0.0,0.0,0.0,0.0,0.0,0
hawaii,Coral size,55.0,hawaii_Old Kona Airport MLCD,0.0,0.0,0.0,0.0,0.0,0
hawaii,Coral size,65.0,hawaii_Old Kona Airport MLCD,0.0,0.01,0.02,0.05,2.0,0
hawaii,Development,0.0,hawaii_Old Kona Airport MLCD,0.0,0.01,0.02,0.05,2.0,0
hawaii,Development,0.1,hawaii_Old Kona Airport MLCD,0.0,0.01,0.02,0.05,2.0,0
hawaii,Development,0.2,hawaii_Old Kona Airport MLCD,0.0,0.01,0.02,0.05,2.0,0
hawaii,Development,0.3,hawaii_Old Kona Airport MLCD,0.0,0.01,0.02,0.05,2.0,0
hawaii,Development,0.4,hawaii_Old Kona Airport MLCD,0.0,0.01,0.02,0.05,2.0,0
hawaii,Development,0.5,hawaii_Old Kona Airport MLCD,0.0,0.01,0.02,0.05,2.0,0
hawaii,Development,0.6,hawaii_Old Kona Airport MLCD,0.0,0.01,0.02,0.05,2.0,0
hawaii,Development,0.7,hawaii_Old Kona Airport MLCD,0.0,0.01,0.02,0.05,2.0,0
hawaii,Development,0.8,hawaii_Old Kona Airport MLCD,0.0,0.01,0.02,0.05,2.0,0
hawaii,Development,0.9,hawaii_Old Kona Airport MLCD,0.0,0.01,0.02,0.05,2.0,0
hawaii,Development,1.0,hawaii_Old Kona Airport MLCD,0.0,0.01,0.02,0.05,2.0,0
hawaii,Fish,0.1,hawaii_Old Kona Airport MLCD,0.0,0.02,0.05,0.2519999999999999,5.0,0
hawaii,Fish,0.2,hawaii_Old Kona Airport MLCD,0.0,0.02,0.05,0.2519999999999999,5.0,0
hawaii,Fish,0.3,hawaii_Old Kona Airport MLCD,0.0,0.01,0.02,0.05,2.0,0
hawaii,Fish,0.4,hawaii_Old Kona Airport MLCD,0.0,0.01,0.02,0.05,2.0,0
hawaii,Fish,0.5,hawaii_Old Kona Airport MLCD,0.0,0.01,0.02,0.05,2.0,0
hawaii,Fish,0.6,hawaii_Old Kona Airport MLCD,0.0,0.01,0.02,0.05,2.0,0
hawaii,Fish,0.7,hawaii_Old Kona Airport MLCD,0.0,0.01,0.02,0.05,2.0,0
hawaii,Turbidity,0.0,hawaii_Old Kona Airport MLCD,0.0,0.01,0.02,0.05,2.0,0
hawaii,Turbidity,0.1,hawaii_Old Kona Airport MLCD,0.0,0.01,0.02,0.05,2.0,0
hawaii,Turbidity,0.2,hawaii_Old Kona Airport MLCD,0.0,0.02,0.2,0.2,20.0,0
hawaii,Turbidity,0.3,hawaii_Old Kona Airport MLCD,0.0,0.02,0.2,0.2,20.0,0
hawaii,Turbidity,0.4,hawaii_Old Kona Airport MLCD,0.0,0.02,0.2,0.2,20.0,0
hawaii,Turbidity,0.5,hawaii_Old Kona Airport MLCD,0.0,0.02,0.2,0.2,20.0,0
hawaii,Coral size,5.0,hawaii_Old Kona Airport MLCD: No Boating Zone,0.0,0.0,0.2,0.2,20.0,0
hawaii,Coral size,15.0,hawaii_Old Kona Airport MLCD: No Boating Zone,0.0,0.0,0.0,0.0,0.0,0
hawaii,Coral size,25.0,hawaii_Old Kona Airport MLCD: No Boating Zone,0.0,0.0,0.0,0.01,0.0,0
hawaii,Coral size,35.0,hawaii_Old Kona Airport MLCD: No Boating Zone,0.0,0.0,0.0,0.0,0.0,0
hawaii,Coral size,45.0,hawaii_Old Kona Airport MLCD: No Boating Zone,0.0,0.0,0.0,0.0,0.0,0
hawaii,Coral size,55.0,hawaii_Old Kona Airport MLCD: No Boating Zone,0.0,0.0,0.0,0.0,0.0,0
hawaii,Coral size,65.0,hawaii_Old Kona Airport MLCD: No Boating Zone,0.0,0.01,0.02,0.05,2.0,0
hawaii,Development,0.0,hawaii_Old Kona Airport MLCD: No Boating Zone,0.0,0.01,0.02,0.05,2.0,0
hawaii,Development,0.1,hawaii_Old Kona Airport MLCD: No Boating Zone,0.0,0.01,0.02,0.05,2.0,0
hawaii,Development,0.2,hawaii_Old Kona Airport MLCD: No Boating Zone,0.0,0.01,0.02,0.05,2.0,0
hawaii,Development,0.3,hawaii_Old Kona Airport MLCD: No Boating Zone,0.0,0.01,0.02,0.05,2.0,0
hawaii,Development,0.4,hawaii_Old Kona Airport MLCD: No Boating Zone,0.0,0.01,0.02,0.05,2.0,0
hawaii,Development,0.5,hawaii_Old Kona Airport MLCD: No Boating Zone,0.0,0.01,0.02,0.05,2.0,0
hawaii,Development,0.6,hawaii_Old Kona Airport MLCD: No Boating Zone,0.0,0.01,0.02,0.05,2.0,0
hawaii,Development,0.7,hawaii_Old Kona Airport MLCD: No Boating Zone,0.0,0.01,0.02,0.05,2.0,0
hawaii,Development,0.8,hawaii_Old Kona Airport MLCD: No Boating Zone,0.0,0.01,0.02,0.05,2.0,0
hawaii,Development,0.9,hawaii_Old Kona Airport MLCD: No Boating Zone,0.0,0.01,0.02,0.05,2.0,0
hawaii,Development,1.0,hawaii_Old Kona Airport MLCD: No Boating Zone,0.0,0.01,0.02,0.05,2.0,0
hawaii,Fish,0.1,hawaii_Old Kona Airport MLCD: No Boating Zone,0.0,0.02,0.05,0.2519999999999999,5.0,0
hawaii,Fish,0.2,hawaii_Old Kona Airport MLCD: No Boating Zone,0.0,0.02,0.05,0.2519999999999999,5.0,0
hawaii,Fish,0.3,hawaii_Old Kona Airport MLCD: No Boating Zone,0.0,0.01,0.02,0.05,2.0,0
hawaii,Fish,0.4,hawaii_Old Kona Airport MLCD: No Boating Zone,0.0,0.01,0.02,0.05,2.0,0
hawaii,Fish,0.5,hawaii_Old Kona Airport MLCD: No Boating Zone,0.0,0.01,0.02,0.05,2.0,0
hawaii,Fish,0.6,hawaii_Old Kona Airport MLCD: No Boating Zone,0.0,0.01,0.02,0.05,2.0,0
hawaii,Fish,0.7,hawaii_Old Kona Airport MLCD: No Boating Zone,0.0,0.01,0.02,0.05,2.0,0
hawaii,Turbidity,0.0,hawaii_Old Kona Airport MLCD: No Boating Zone,0.0,0.01,0.02,0.05,2.0,0
hawaii,Turbidity,0.1,hawaii_Old Kona Airport MLCD: No Boating Zone,0.0,0.01,0.02,0.05,2.0,0
hawaii,Turbidity,0.2,hawaii_Old Kona Airport MLCD: No Boating Zone,0.0,0.02,0.2,0.2,20.0,0
hawaii,Turbidity,0.3,hawaii_Old Kona Airport MLCD: No Boating Zone,0.0,0.02,0.2,0.2,20.0,0
hawaii,Turbidity,0.4,hawaii_Old Kona Airport MLCD: No Boating Zone,0.0,0.02,0.2,0.2,20.0,0
hawaii,Turbidity,0.5,hawaii_Old Kona Airport MLCD: No Boating Zone,0.0,0.02,0.2,0.2,20.0,0
hawaii,Coral size,5.0,hawaii_Paiko Lagoon WS,5.0,0.02,0.04,0.06,-1.0,0
hawaii,Coral size,15.0,hawaii_Paiko Lagoon WS,5.0,0.03,0.05,0.07,0.0,0
hawaii,Coral size,25.0,hawaii_Paiko Lagoon WS,5.0,0.23,0.28,0.3509999999999999,23.0,0
hawaii,Coral size,35.0,hawaii_Paiko Lagoon WS,5.0,0.07,0.28,0.34,23.0,0
hawaii,Coral size,45.0,hawaii_Paiko Lagoon WS,5.0,0.05,0.31,0.35,26.0,0
hawaii,Coral size,55.0,hawaii_Paiko Lagoon WS,5.0,0.06,0.31,0.35,26.0,0
hawaii,Coral size,65.0,hawaii_Paiko Lagoon WS,5.0,0.07,0.31,0.35,26.0,0
hawaii,Development,0.0,hawaii_Paiko Lagoon WS,5.0,0.01,0.88,0.94,83.0,0
hawaii,Development,0.1,hawaii_Paiko Lagoon WS,5.0,0.0,0.08,0.88,3.0,0
hawaii,Development,0.2,hawaii_Paiko Lagoon WS,5.0,0.055,0.31,0.35,26.0,0
hawaii,Development,0.3,hawaii_Paiko Lagoon WS,5.0,0.065,0.31,0.35,26.0,0
hawaii,Development,0.4,hawaii_Paiko Lagoon WS,5.0,0.07,0.31,0.35,26.0,0
hawaii,Development,0.5,hawaii_Paiko Lagoon WS,5.0,0.075,0.32,0.35,27.0,0
hawaii,Development,0.6,hawaii_Paiko Lagoon WS,5.0,0.075,0.31,0.35,26.0,0
hawaii,Development,0.7,hawaii_Paiko Lagoon WS,5.0,0.07,0.31,0.35,26.0,0
hawaii,Development,0.8,hawaii_Paiko Lagoon WS,5.0,0.07,0.31,0.35,26.0,0
hawaii,Development,0.9,hawaii_Paiko Lagoon WS,5.0,0.07,0.31,0.35,26.0,0
hawaii,Development,1.0,hawaii_Paiko Lagoon WS,5.0,0.07,0.31,0.35,26.0,0
hawaii,Fish,0.1,hawaii_Paiko Lagoon WS,5.0,0.27,0.32,0.35,27.0,0
hawaii,Fish,0.2,hawaii_Paiko Lagoon WS,5.0,0.27,0.31,0.33,26.0,0
hawaii,Fish,0.3,hawaii_Paiko Lagoon WS,5.0,0.3,0.83,0.85,78.0,0
hawaii,Fish,0.4,hawaii_Paiko Lagoon WS,5.0,0.27,0.83,0.85,78.0,0
hawaii,Fish,0.5,hawaii_Paiko Lagoon WS,5.0,0.27,0.83,0.85,78.0,0
hawaii,Fish,0.6,hawaii_Paiko Lagoon WS,5.0,0.27,0.83,0.85,78.0,0
hawaii,Fish,0.7,hawaii_Paiko Lagoon WS,5.0,0.27,0.83,0.85,78.0,0
hawaii,Turbidity,0.0,hawaii_Paiko Lagoon WS,5.0,0.59,0.83,0.85,78.0,0
hawaii,Turbidity,0.1,hawaii_Paiko Lagoon WS,5.0,0.27,0.83,0.85,78.0,0
hawaii,Turbidity,0.2,hawaii_Paiko Lagoon WS,5.0,0.275,0.83,0.85,78.0,0
hawaii,Turbidity,0.3,hawaii_Paiko Lagoon WS,5.0,0.275,0.83,0.8409999999999999,78.0,0
hawaii,Turbidity,0.4,hawaii_Paiko Lagoon WS,5.0,0.275,0.83,0.8409999999999999,78.0,0
hawaii,Turbidity,0.5,hawaii_Paiko Lagoon WS,5.0,0.275,0.83,0.8409999999999999,78.0,0
hawaii,Coral size,5.0,hawaii_Papawai Bay FMA,0.0,0.0,0.2,0.2,20.0,0
hawaii,Coral size,15.0,hawaii_Papawai Bay FMA,0.0,0.0,0.0,0.0,0.0,0
hawaii,Coral size,25.0,hawaii_Papawai Bay FMA,0.0,0.0,0.0,0.01,0.0,0
hawaii,Coral size,35.0,hawaii_Papawai Bay FMA,0.0,0.0,0.0,0.0,0.0,0
hawaii,Coral size,45.0,hawaii_Papawai Bay FMA,0.0,0.0,0.0,0.0,0.0,0
hawaii,Coral size,55.0,hawaii_Papawai Bay FMA,0.0,0.0,0.0,0.0,0.0,0
hawaii,Coral size,65.0,hawaii_Papawai Bay FMA,0.0,0.01,0.02,0.05,2.0,0
hawaii,Development,0.0,hawaii_Papawai Bay FMA,0.0,0.01,0.02,0.05,2.0,0
hawaii,Development,0.1,hawaii_Papawai Bay FMA,0.0,0.01,0.02,0.05,2.0,0
hawaii,Development,0.2,hawaii_Papawai Bay FMA,0.0,0.01,0.02,0.05,2.0,0
hawaii,Development,0.3,hawaii_Papawai Bay FMA,0.0,0.01,0.02,0.05,2.0,0
hawaii,Development,0.4,hawaii_Papawai Bay FMA,0.0,0.01,0.02,0.05,2.0,0
hawaii,Development,0.5,hawaii_Papawai Bay FMA,0.0,0.01,0.02,0.05,2.0,0
hawaii,Development,0.6,hawaii_Papawai Bay FMA,0.0,0.01,0.02,0.05,2.0,0
hawaii,Development,0.7,hawaii_Papawai Bay FMA,0.0,0.01,0.02,0.05,2.0,0
hawaii,Development,0.8,hawaii_Papawai Bay FMA,0.0,0.01,0.02,0.05,2.0,0
hawaii,Development,0.9,hawaii_Papawai Bay FMA,0.0,0.01,0.02,0.05,2.0,0
hawaii,Development,1.0,hawaii_Papawai Bay FMA,0.0,0.01,0.02,0.05,2.0,0
hawaii,Fish,0.1,hawaii_Papawai Bay FMA,0.0,0.02,0.05,0.2519999999999999,5.0,0
hawaii,Fish,0.2,hawaii_Papawai Bay FMA,0.0,0.02,0.05,0.2519999999999999,5.0,0
hawaii,Fish,0.3,hawaii_Papawai Bay FMA,0.0,0.01,0.02,0.05,2.0,0
hawaii,Fish,0.4,hawaii_Papawai Bay FMA,0.0,0.01,0.02,0.05,2.0,0
hawaii,Fish,0.5,hawaii_Papawai Bay FMA,0.0,0.01,0.02,0.05,2.0,0
hawaii,Fish,0.6,hawaii_Papawai Bay FMA,0.0,0.01,0.02,0.05,2.0,0
hawaii,Fish,0.7,hawaii_Papawai Bay FMA,0.0,0.01,0.02,0.05,2.0,0
hawaii,Turbidity,0.0,hawaii_Papawai Bay FMA,0.0,0.01,0.02,0.05,2.0,0
hawaii,Turbidity,0.1,hawaii_Papawai Bay FMA,0.0,0.01,0.02,0.05,2.0,0
hawaii,Turbidity,0.2,hawaii_Papawai Bay FMA,0.0,0.02,0.2,0.2,20.0,0
hawaii,Turbidity,0.3,hawaii_Papawai Bay FMA,0.0,0.02,0.2,0.2,20.0,0
hawaii,Turbidity,0.4,hawaii_Papawai Bay FMA,0.0,0.02,0.2,0.2,20.0,0
hawaii,Turbidity,0.5,hawaii_Papawai Bay FMA,0.0,0.02,0.2,0.2,20.0,0
hawaii,Coral size,5.0,hawaii_Pokai Bay,0.0,0.0,0.0,0.005,0.0,0
hawaii,Coral size,15.0,hawaii_Pokai Bay,0.0,0.0,0.0,0.005,0.0,0
hawaii,Coral size,25.0,hawaii_Pokai Bay,0.0,0.1025,0.19125,0.32549999999999996,19.0,0
hawaii,Coral size,35.0,hawaii_Pokai Bay,0.0,0.015,0.03125,0.16049999999999995,3.0,0
hawaii,Coral size,45.0,hawaii_Pokai Bay,0.0,0.015,0.030000000000000002,0.175,3.0,0
hawaii,Coral size,55.0,hawaii_Pokai Bay,0.0,0.015,0.030000000000000002,0.1814999999999999,3.0,0
hawaii,Coral size,65.0,hawaii_Pokai Bay,0.0,0.015,0.035,0.48999999999999966,3.5,0
hawaii,Development,0.0,hawaii_Pokai Bay,0.0,0.005,0.255,0.7934999999999998,25.5,0
hawaii,Development,0.1,hawaii_Pokai Bay,0.0,0.005,0.1325,0.5794999999999997,13.0,0
hawaii,Development,0.2,hawaii_Pokai Bay,0.0,0.03,0.051250000000000004,0.2564999999999999,5.0,0
hawaii,Development,0.3,hawaii_Pokai Bay,0.0,0.03,0.07625,0.2564999999999999,7.5,0
hawaii,Development,0.4,hawaii_Pokai Bay,0.0,0.03,0.055,0.27,5.5,0
hawaii,Development,0.5,hawaii_Pokai Bay,0.0,0.03,0.055,0.27,5.5,0
hawaii,Development,0.6,hawaii_Pokai Bay,0.0,0.03,0.055,0.26549999999999996,5.5,0
hawaii,Development,0.7,hawaii_Pokai Bay,0.0,0.03,0.055,0.26549999999999996,5.5,0
hawaii,Development,0.8,hawaii_Pokai Bay,0.0,0.03,0.055,0.26549999999999996,5.5,0
hawaii,Development,0.9,hawaii_Pokai Bay,0.0,0.03,0.055,0.26549999999999996,5.5,0
hawaii,Development,1.0,hawaii_Pokai Bay,0.0,0.03,0.055,0.26549999999999996,5.5,0
hawaii,Fish,0.1,hawaii_Pokai Bay,0.0,0.175,0.29125,0.47,29.0,0
hawaii,Fish,0.2,hawaii_Pokai Bay,0.0,0.20750000000000002,0.30625,0.47,30.5,0
hawaii,Fish,0.3,hawaii_Pokai Bay,0.0,0.08,0.23,0.47,23.0,0
hawaii,Fish,0.4,hawaii_Pokai Bay,0.0,0.08249999999999995,0.175,0.23,17.5,0
hawaii,Fish,0.5,hawaii_Pokai Bay,0.0,0.08249999999999995,0.175,0.23,17.5,0
hawaii,Fish,0.6,hawaii_Pokai Bay,0.0,0.08249999999999995,0.175,0.23,17.5,0
hawaii,Fish,0.7,hawaii_Pokai Bay,0.0,0.08249999999999995,0.175,0.23,17.5,0
hawaii,Turbidity,0.0,hawaii_Pokai Bay,0.0,0.08249999999999995,0.19374999999999995,0.2964999999999999,19.5,0
hawaii,Turbidity,0.1,hawaii_Pokai Bay,0.0,0.08249999999999995,0.23,0.23,23.0,0
hawaii,Turbidity,0.2,hawaii_Pokai Bay,0.0,0.08249999999999995,0.23,0.23,23.0,0
hawaii,Turbidity,0.3,hawaii_Pokai Bay,0.0,0.08,0.23,0.23,23.0,0
hawaii,Turbidity,0.4,hawaii_Pokai Bay,0.0,0.0675,0.23,0.23,23.0,0
hawaii,Turbidity,0.5,hawaii_Pokai Bay,0.0,0.0675,0.23,0.23,23.0,0
hawaii,Coral size,5.0,hawaii_Port Allen FMA,0.0,0.0,0.0,0.05,0.0,0
hawaii,Coral size,15.0,hawaii_Port Allen FMA,0.0,0.0,0.0,0.0409999999999999,0.0,0
hawaii,Coral size,25.0,hawaii_Port Allen FMA,0.0,0.01,0.03,0.0609999999999999,3.0,0
hawaii,Coral size,35.0,hawaii_Port Allen FMA,0.0,0.01,0.06,0.4109999999999999,6.0,0
hawaii,Coral size,45.0,hawaii_Port Allen FMA,0.0,0.01,0.06,0.4109999999999999,6.0,0
hawaii,Coral size,55.0,hawaii_Port Allen FMA,0.0,0.01,0.05,0.41,5.0,0
hawaii,Coral size,65.0,hawaii_Port Allen FMA,0.0,0.01,0.08,0.5619999999999999,8.0,0
hawaii,Development,0.0,hawaii_Port Allen FMA,0.0,0.0,0.03,0.6969999999999995,3.0,0
hawaii,Development,0.1,hawaii_Port Allen FMA,0.0,0.01,0.08,0.4969999999999996,8.0,0
hawaii,Development,0.2,hawaii_Port Allen FMA,0.0,0.03,0.05,0.2309999999999999,5.0,0
hawaii,Development,0.3,hawaii_Port Allen FMA,0.0,0.03,0.0625,0.2309999999999999,6.0,0
hawaii,Development,0.4,hawaii_Port Allen FMA,0.0,0.03,0.05,0.2309999999999999,5.0,0
hawaii,Development,0.5,hawaii_Port Allen FMA,0.0,0.03,0.05,0.2309999999999999,5.0,0
hawaii,Development,0.6,hawaii_Port Allen FMA,0.0,0.03,0.05,0.2309999999999999,5.0,0
hawaii,Development,0.7,hawaii_Port Allen FMA,0.0,0.03,0.05,0.2309999999999999,5.0,0
hawaii,Development,0.8,hawaii_Port Allen FMA,0.0,0.03,0.05,0.2309999999999999,5.0,0
hawaii,Development,0.9,hawaii_Port Allen FMA,0.0,0.03,0.05,0.2309999999999999,5.0,0
hawaii,Development,1.0,hawaii_Port Allen FMA,0.0,0.03,0.05,0.2309999999999999,5.0,0
hawaii,Fish,0.1,hawaii_Port Allen FMA,0.0,0.2,0.28,0.47,28.0,0
hawaii,Fish,0.2,hawaii_Port Allen FMA,0.0,0.225,0.31,0.47,31.0,0
hawaii,Fish,0.3,hawaii_Port Allen FMA,0.0,0.77,0.83,0.85,83.0,0
hawaii,Fish,0.4,hawaii_Port Allen FMA,0.0,0.77,0.83,0.85,83.0,0
hawaii,Fish,0.5,hawaii_Port Allen FMA,0.0,0.77,0.83,0.85,83.0,0
hawaii,Fish,0.6,hawaii_Port Allen FMA,0.0,0.77,0.83,0.85,83.0,0
hawaii,Fish,0.7,hawaii_Port Allen FMA,0.0,0.77,0.83,0.85,83.0,0
hawaii,Turbidity,0.0,hawaii_Port Allen FMA,0.0,0.77,0.83,0.85,83.0,0
hawaii,Turbidity,0.1,hawaii_Port Allen FMA,0.0,0.77,0.83,0.85,83.0,0
hawaii,Turbidity,0.2,hawaii_Port Allen FMA,0.0,0.77,0.83,0.85,83.0,0
hawaii,Turbidity,0.3,hawaii_Port Allen FMA,0.0,0.77,0.83,0.84,83.0,0
hawaii,Turbidity,0.4,hawaii_Port Allen FMA,0.0,0.77,0.83,0.84,83.0,0
hawaii,Turbidity,0.5,hawaii_Port Allen FMA,0.0,0.77,0.83,0.84,83.0,0
hawaii,Coral size,5.0,hawaii_Puako Bay and Puako Reef FMA,0.0,0.0,0.2,0.2,20.0,0
hawaii,Coral size,15.0,hawaii_Puako Bay and Puako Reef FMA,0.0,0.0,0.0,0.0,0.0,0
hawaii,Coral size,25.0,hawaii_Puako Bay and Puako Reef FMA,0.0,0.0,0.01,0.0209999999999999,1.0,0
hawaii,Coral size,35.0,hawaii_Puako Bay and Puako Reef FMA,0.0,0.0,0.0,0.02,0.0,0
hawaii,Coral size,45.0,hawaii_Puako Bay and Puako Reef FMA,0.0,0.0,0.0,0.02,0.0,0
hawaii,Coral size,55.0,hawaii_Puako Bay and Puako Reef FMA,0.0,0.0,0.0,0.02,0.0,0
hawaii,Coral size,65.0,hawaii_Puako Bay and Puako Reef FMA,0.0,0.01,0.02,0.05,2.0,0
hawaii,Development,0.0,hawaii_Puako Bay and Puako Reef FMA,0.0,0.01,0.02,0.05,2.0,0
hawaii,Development,0.1,hawaii_Puako Bay and Puako Reef FMA,0.0,0.01,0.02,0.05,2.0,0
hawaii,Development,0.2,hawaii_Puako Bay and Puako Reef FMA,0.0,0.01,0.02,0.05,2.0,0
hawaii,Development,0.3,hawaii_Puako Bay and Puako Reef FMA,0.0,0.02,0.02,0.05,2.0,0
hawaii,Development,0.4,hawaii_Puako Bay and Puako Reef FMA,0.0,0.02,0.02,0.05,2.0,0
hawaii,Development,0.5,hawaii_Puako Bay and Puako Reef FMA,0.0,0.02,0.02,0.05,2.0,0
hawaii,Development,0.6,hawaii_Puako Bay and Puako Reef FMA,0.0,0.02,0.02,0.05,2.0,0
hawaii,Development,0.7,hawaii_Puako Bay and Puako Reef FMA,0.0,0.02,0.02,0.05,2.0,0
hawaii,Development,0.8,hawaii_Puako Bay and Puako Reef FMA,0.0,0.02,0.02,0.05,2.0,0
hawaii,Development,0.9,hawaii_Puako Bay and Puako Reef FMA,0.0,0.02,0.02,0.05,2.0,0
hawaii,Development,1.0,hawaii_Puako Bay and Puako Reef FMA,0.0,0.02,0.02,0.05,2.0,0
hawaii,Fish,0.1,hawaii_Puako Bay and Puako Reef FMA,0.0,0.02,0.05,0.27,5.0,0
hawaii,Fish,0.2,hawaii_Puako Bay and Puako Reef FMA,0.0,0.02,0.05,0.27,5.0,0
hawaii,Fish,0.3,hawaii_Puako Bay and Puako Reef FMA,0.0,0.02,0.02,0.0409999999999999,2.0,0
hawaii,Fish,0.4,hawaii_Puako Bay and Puako Reef FMA,0.0,0.02,0.02,0.05,2.0,0
hawaii,Fish,0.5,hawaii_Puako Bay and Puako Reef FMA,0.0,0.02,0.02,0.05,2.0,0
hawaii,Fish,0.6,hawaii_Puako Bay and Puako Reef FMA,0.0,0.02,0.02,0.05,2.0,0
hawaii,Fish,0.7,hawaii_Puako Bay and Puako Reef FMA,0.0,0.02,0.02,0.05,2.0,0
hawaii,Turbidity,0.0,hawaii_Puako Bay and Puako Reef FMA,0.0,0.02,0.02,0.0409999999999999,2.0,0
hawaii,Turbidity,0.1,hawaii_Puako Bay and Puako Reef FMA,0.0,0.02,0.02,0.0409999999999999,2.0,0
hawaii,Turbidity,0.2,hawaii_Puako Bay and Puako Reef FMA,0.0,0.02,0.2,0.2,20.0,0
hawaii,Turbidity,0.3,hawaii_Puako Bay and Puako Reef FMA,0.0,0.02,0.2,0.2,20.0,0
hawaii,Turbidity,0.4,hawaii_Puako Bay and Puako Reef FMA,0.0,0.02,0.2,0.2,20.0,0
hawaii,Turbidity,0.5,hawaii_Puako Bay and Puako Reef FMA,0.0,0.02,0.2,0.2,20.0,0
hawaii,Coral size,5.0,hawaii_Puako-Anaehoomalu FRA / NRA,0.0,0.0,0.2,0.2,20.0,0
hawaii,Coral size,15.0,hawaii_Puako-Anaehoomalu FRA / NRA,0.0,0.0,0.0,0.0,0.0,0
hawaii,Coral size,25.0,hawaii_Puako-Anaehoomalu FRA / NRA,0.0,0.0,0.01,0.0209999999999999,1.0,0
hawaii,Coral size,35.0,hawaii_Puako-Anaehoomalu FRA / NRA,0.0,0.0,0.0,0.02,0.0,0
hawaii,Coral size,45.0,hawaii_Puako-Anaehoomalu FRA / NRA,0.0,0.0,0.0,0.02,0.0,0
hawaii,Coral size,55.0,hawaii_Puako-Anaehoomalu FRA / NRA,0.0,0.0,0.0,0.02,0.0,0
hawaii,Coral size,65.0,hawaii_Puako-Anaehoomalu FRA / NRA,0.0,0.01,0.02,0.05,2.0,0
hawaii,Development,0.0,hawaii_Puako-Anaehoomalu FRA / NRA,0.0,0.01,0.02,0.05,2.0,0
hawaii,Development,0.1,hawaii_Puako-Anaehoomalu FRA / NRA,0.0,0.01,0.02,0.05,2.0,0
hawaii,Development,0.2,hawaii_Puako-Anaehoomalu FRA / NRA,0.0,0.01,0.02,0.05,2.0,0
hawaii,Development,0.3,hawaii_Puako-Anaehoomalu FRA / NRA,0.0,0.02,0.02,0.05,2.0,0
hawaii,Development,0.4,hawaii_Puako-Anaehoomalu FRA / NRA,0.0,0.02,0.02,0.05,2.0,0
hawaii,Development,0.5,hawaii_Puako-Anaehoomalu FRA / NRA,0.0,0.02,0.02,0.05,2.0,0
hawaii,Development,0.6,hawaii_Puako-Anaehoomalu FRA / NRA,0.0,0.02,0.02,0.05,2.0,0
hawaii,Development,0.7,hawaii_Puako-Anaehoomalu FRA / NRA,0.0,0.02,0.02,0.05,2.0,0
hawaii,Development,0.8,hawaii_Puako-Anaehoomalu FRA / NRA,0.0,0.02,0.02,0.05,2.0,0
hawaii,Development,0.9,hawaii_Puako-Anaehoomalu FRA / NRA,0.0,0.02,0.02,0.05,2.0,0
hawaii,Development,1.0,hawaii_Puako-Anaehoomalu FRA / NRA,0.0,0.02,0.02,0.05,2.0,0
hawaii,Fish,0.1,hawaii_Puako-Anaehoomalu FRA / NRA,0.0,0.02,0.05,0.27,5.0,0
hawaii,Fish,0.2,hawaii_Puako-Anaehoomalu FRA / NRA,0.0,0.02,0.05,0.27,5.0,0
hawaii,Fish,0.3,hawaii_Puako-Anaehoomalu FRA / NRA,0.0,0.02,0.02,0.0409999999999999,2.0,0
hawaii,Fish,0.4,hawaii_Puako-Anaehoomalu FRA / NRA,0.0,0.02,0.02,0.05,2.0,0
hawaii,Fish,0.5,hawaii_Puako-Anaehoomalu FRA / NRA,0.0,0.02,0.02,0.05,2.0,0
hawaii,Fish,0.6,hawaii_Puako-Anaehoomalu FRA / NRA,0.0,0.02,0.02,0.05,2.0,0
hawaii,Fish,0.7,hawaii_Puako-Anaehoomalu FRA / NRA,0.0,0.02,0.02,0.05,2.0,0
hawaii,Turbidity,0.0,hawaii_Puako-Anaehoomalu FRA / NRA,0.0,0.02,0.02,0.0409999999999999,2.0,0
hawaii,Turbidity,0.1,hawaii_Puako-Anaehoomalu FRA / NRA,0.0,0.02,0.02,0.0409999999999999,2.0,0
hawaii,Turbidity,0.2,hawaii_Puako-Anaehoomalu FRA / NRA,0.0,0.02,0.2,0.2,20.0,0
hawaii,Turbidity,0.3,hawaii_Puako-Anaehoomalu FRA / NRA,0.0,0.02,0.2,0.2,20.0,0
hawaii,Turbidity,0.4,hawaii_Puako-Anaehoomalu FRA / NRA,0.0,0.02,0.2,0.2,20.0,0
hawaii,Turbidity,0.5,hawaii_Puako-Anaehoomalu FRA / NRA,0.0,0.02,0.2,0.2,20.0,0
hawaii,Coral size,5.0,hawaii_Pupukea MLCD: Shark's Cove & Three Tables,1.0,0.0,0.0,0.0309999999999999,-1.0,0
hawaii,Coral size,15.0,hawaii_Pupukea MLCD: Shark's Cove & Three Tables,1.0,0.0,0.0,0.0309999999999999,-1.0,0
hawaii,Coral size,25.0,hawaii_Pupukea MLCD: Shark's Cove & Three Tables,1.0,0.01,0.03,0.0809999999999999,2.0,0
hawaii,Coral size,35.0,hawaii_Pupukea MLCD: Shark's Cove & Three Tables,1.0,0.02,0.2625,0.43,25.0,0
hawaii,Coral size,45.0,hawaii_Pupukea MLCD: Shark's Cove & Three Tables,1.0,0.02,0.2625,0.4209999999999999,25.0,0
hawaii,Coral size,55.0,hawaii_Pupukea MLCD: Shark's Cove & Three Tables,1.0,0.01,0.18,0.42,17.0,0
hawaii,Coral size,65.0,hawaii_Pupukea MLCD: Shark's Cove & Three Tables,1.0,0.01,0.3525,0.5869999999999995,34.0,0
hawaii,Development,0.0,hawaii_Pupukea MLCD: Shark's Cove & Three Tables,1.0,0.01,0.095,0.8709999999999999,8.0,0
hawaii,Development,0.1,hawaii_Pupukea MLCD: Shark's Cove & Three Tables,1.0,0.01,0.34,0.56,33.0,0
hawaii,Development,0.2,hawaii_Pupukea MLCD: Shark's Cove & Three Tables,1.0,0.23,0.28,0.47,27.0,0
hawaii,Development,0.3,hawaii_Pupukea MLCD: Shark's Cove & Three Tables,1.0,0.23,0.28,0.47,27.0,0
hawaii,Development,0.4,hawaii_Pupukea MLCD: Shark's Cove & Three Tables,1.0,0.23,0.28,0.47,27.0,0
hawaii,Development,0.5,hawaii_Pupukea MLCD: Shark's Cove & Three Tables,1.0,0.23,0.2825,0.47,27.0,0
hawaii,Development,0.6,hawaii_Pupukea MLCD: Shark's Cove & Three Tables,1.0,0.23,0.28,0.47,27.0,0
hawaii,Development,0.7,hawaii_Pupukea MLCD: Shark's Cove & Three Tables,1.0,0.23,0.28,0.47,27.0,0
hawaii,Development,0.8,hawaii_Pupukea MLCD: Shark's Cove & Three Tables,1.0,0.23,0.28,0.47,27.0,0
hawaii,Development,0.9,hawaii_Pupukea MLCD: Shark's Cove & Three Tables,1.0,0.23,0.28,0.47,27.0,0
hawaii,Development,1.0,hawaii_Pupukea MLCD: Shark's Cove & Three Tables,1.0,0.23,0.28,0.47,27.0,0
hawaii,Fish,0.1,hawaii_Pupukea MLCD: Shark's Cove & Three Tables,1.0,0.22,0.28,0.47,27.0,0
hawaii,Fish,0.2,hawaii_Pupukea MLCD: Shark's Cove & Three Tables,1.0,0.23,0.29,0.47,28.0,0
hawaii,Fish,0.3,hawaii_Pupukea MLCD: Shark's Cove & Three Tables,1.0,0.77,0.83,0.85,82.0,0
hawaii,Fish,0.4,hawaii_Pupukea MLCD: Shark's Cove & Three Tables,1.0,0.77,0.83,0.85,82.0,0
hawaii,Fish,0.5,hawaii_Pupukea MLCD: Shark's Cove & Three Tables,1.0,0.77,0.83,0.85,82.0,0
hawaii,Fish,0.6,hawaii_Pupukea MLCD: Shark's Cove & Three Tables,1.0,0.77,0.83,0.85,82.0,0
hawaii,Fish,0.7,hawaii_Pupukea MLCD: Shark's Cove & Three Tables,1.0,0.77,0.83,0.85,82.0,0
hawaii,Turbidity,0.0,hawaii_Pupukea MLCD: Shark's Cove & Three Tables,1.0,0.77,0.83,0.85,82.0,0
hawaii,Turbidity,0.1,hawaii_Pupukea MLCD: Shark's Cove & Three Tables,1.0,0.77,0.83,0.85,82.0,0
hawaii,Turbidity,0.2,hawaii_Pupukea MLCD: Shark's Cove & Three Tables,1.0,0.77,0.83,0.85,82.0,0
hawaii,Turbidity,0.3,hawaii_Pupukea MLCD: Shark's Cove & Three Tables,1.0,0.77,0.83,0.84,82.0,0
hawaii,Turbidity,0.4,hawaii_Pupukea MLCD: Shark's Cove & Three Tables,1.0,0.77,0.83,0.84,82.0,0
hawaii,Turbidity,0.5,hawaii_Pupukea MLCD: Shark's Cove & Three Tables,1.0,0.77,0.83,0.84,82.0,0
hawaii,Coral size,5.0,hawaii_Red Hill FMA,0.0,0.0,0.2,0.2,20.0,0
hawaii,Coral size,15.0,hawaii_Red Hill FMA,0.0,0.0,0.0,0.0,0.0,0
hawaii,Coral size,25.0,hawaii_Red Hill FMA,0.0,0.0,0.0,0.0409999999999999,0.0,0
hawaii,Coral size,35.0,hawaii_Red Hill FMA,0.0,0.0,0.0,0.05,0.0,0
hawaii,Coral size,45.0,hawaii_Red Hill FMA,0.0,0.0,0.0,0.05,0.0,0
hawaii,Coral size,55.0,hawaii_Red Hill FMA,0.0,0.0,0.0,0.05,0.0,0
hawaii,Coral size,65.0,hawaii_Red Hill FMA,0.0,0.01,0.03,0.06,3.0,0
hawaii,Development,0.0,hawaii_Red Hill FMA,0.0,0.02,0.03,0.0609999999999999,3.0,0
hawaii,Development,0.1,hawaii_Red Hill FMA,0.0,0.01,0.03,0.06,3.0,0
hawaii,Development,0.2,hawaii_Red Hill FMA,0.0,0.01,0.03,0.06,3.0,0
hawaii,Development,0.3,hawaii_Red Hill FMA,0.0,0.02,0.03,0.06,3.0,0
hawaii,Development,0.4,hawaii_Red Hill FMA,0.0,0.02,0.03,0.06,3.0,0
hawaii,Development,0.5,hawaii_Red Hill FMA,0.0,0.02,0.03,0.06,3.0,0
hawaii,Development,0.6,hawaii_Red Hill FMA,0.0,0.02,0.03,0.06,3.0,0
hawaii,Development,0.7,hawaii_Red Hill FMA,0.0,0.02,0.03,0.06,3.0,0
hawaii,Development,0.8,hawaii_Red Hill FMA,0.0,0.02,0.03,0.06,3.0,0
hawaii,Development,0.9,hawaii_Red Hill FMA,0.0,0.02,0.03,0.06,3.0,0
hawaii,Development,1.0,hawaii_Red Hill FMA,0.0,0.02,0.03,0.06,3.0,0
hawaii,Fish,0.1,hawaii_Red Hill FMA,0.0,0.02,0.05,0.2519999999999999,5.0,0
hawaii,Fish,0.2,hawaii_Red Hill FMA,0.0,0.02,0.05,0.2519999999999999,5.0,0
hawaii,Fish,0.3,hawaii_Red Hill FMA,0.0,0.02,0.03,0.06,3.0,0
hawaii,Fish,0.4,hawaii_Red Hill FMA,0.0,0.02,0.03,0.06,3.0,0
hawaii,Fish,0.5,hawaii_Red Hill FMA,0.0,0.02,0.03,0.06,3.0,0
hawaii,Fish,0.6,hawaii_Red Hill FMA,0.0,0.02,0.03,0.06,3.0,0
hawaii,Fish,0.7,hawaii_Red Hill FMA,0.0,0.02,0.03,0.06,3.0,0
hawaii,Turbidity,0.0,hawaii_Red Hill FMA,0.0,0.02,0.03,0.06,3.0,0
hawaii,Turbidity,0.1,hawaii_Red Hill FMA,0.0,0.02,0.03,0.06,3.0,0
hawaii,Turbidity,0.2,hawaii_Red Hill FMA,0.0,0.02,0.2,0.2,20.0,0
hawaii,Turbidity,0.3,hawaii_Red Hill FMA,0.0,0.02,0.2,0.2,20.0,0
hawaii,Turbidity,0.4,hawaii_Red Hill FMA,0.0,0.02,0.2,0.2,20.0,0
hawaii,Turbidity,0.5,hawaii_Red Hill FMA,0.0,0.02,0.2,0.2,20.0,0
hawaii,Coral size,5.0,hawaii_Red Hill FRA,0.0,0.0,0.2,0.2,20.0,0
hawaii,Coral size,15.0,hawaii_Red Hill FRA,0.0,0.0,0.0,0.0,0.0,0
hawaii,Coral size,25.0,hawaii_Red Hill FRA,0.0,0.0,0.0,0.0409999999999999,0.0,0
hawaii,Coral size,35.0,hawaii_Red Hill FRA,0.0,0.0,0.0,0.05,0.0,0
hawaii,Coral size,45.0,hawaii_Red Hill FRA,0.0,0.0,0.0,0.05,0.0,0
hawaii,Coral size,55.0,hawaii_Red Hill FRA,0.0,0.0,0.0,0.05,0.0,0
hawaii,Coral size,65.0,hawaii_Red Hill FRA,0.0,0.01,0.03,0.06,3.0,0
hawaii,Development,0.0,hawaii_Red Hill FRA,0.0,0.02,0.03,0.0609999999999999,3.0,0
hawaii,Development,0.1,hawaii_Red Hill FRA,0.0,0.01,0.03,0.06,3.0,0
hawaii,Development,0.2,hawaii_Red Hill FRA,0.0,0.01,0.03,0.06,3.0,0
hawaii,Development,0.3,hawaii_Red Hill FRA,0.0,0.02,0.03,0.06,3.0,0
hawaii,Development,0.4,hawaii_Red Hill FRA,0.0,0.02,0.03,0.06,3.0,0
hawaii,Development,0.5,hawaii_Red Hill FRA,0.0,0.02,0.03,0.06,3.0,0
hawaii,Development,0.6,hawaii_Red Hill FRA,0.0,0.02,0.03,0.06,3.0,0
hawaii,Development,0.7,hawaii_Red Hill FRA,0.0,0.02,0.03,0.06,3.0,0
hawaii,Development,0.8,hawaii_Red Hill FRA,0.0,0.02,0.03,0.06,3.0,0
hawaii,Development,0.9,hawaii_Red Hill FRA,0.0,0.02,0.03,0.06,3.0,0
hawaii,Development,1.0,hawaii_Red Hill FRA,0.0,0.02,0.03,0.06,3.0,0
hawaii,Fish,0.1,hawaii_Red Hill FRA,0.0,0.02,0.05,0.2519999999999999,5.0,0
hawaii,Fish,0.2,hawaii_Red Hill FRA,0.0,0.02,0.05,0.2519999999999999,5.0,0
hawaii,Fish,0.3,hawaii_Red Hill FRA,0.0,0.02,0.03,0.06,3.0,0
hawaii,Fish,0.4,hawaii_Red Hill FRA,0.0,0.02,0.03,0.06,3.0,0
hawaii,Fish,0.5,hawaii_Red Hill FRA,0.0,0.02,0.03,0.06,3.0,0
hawaii,Fish,0.6,hawaii_Red Hill FRA,0.0,0.02,0.03,0.06,3.0,0
hawaii,Fish,0.7,hawaii_Red Hill FRA,0.0,0.02,0.03,0.06,3.0,0
hawaii,Turbidity,0.0,hawaii_Red Hill FRA,0.0,0.02,0.03,0.06,3.0,0
hawaii,Turbidity,0.1,hawaii_Red Hill FRA,0.0,0.02,0.03,0.06,3.0,0
hawaii,Turbidity,0.2,hawaii_Red Hill FRA,0.0,0.02,0.2,0.2,20.0,0
hawaii,Turbidity,0.3,hawaii_Red Hill FRA,0.0,0.02,0.2,0.2,20.0,0
hawaii,Turbidity,0.4,hawaii_Red Hill FRA,0.0,0.02,0.2,0.2,20.0,0
hawaii,Turbidity,0.5,hawaii_Red Hill FRA,0.0,0.02,0.2,0.2,20.0,0
hawaii,Coral size,5.0,hawaii_South Kona Opelu Mgmt Special Rules,0.0,0.0,0.2,0.2,20.0,0
hawaii,Coral size,15.0,hawaii_South Kona Opelu Mgmt Special Rules,0.0,0.0,0.0,0.0,0.0,0
hawaii,Coral size,25.0,hawaii_South Kona Opelu Mgmt Special Rules,0.0,0.0,0.0,0.0,0.0,0
hawaii,Coral size,35.0,hawaii_South Kona Opelu Mgmt Special Rules,0.0,0.0,0.0,0.0,0.0,0
hawaii,Coral size,45.0,hawaii_South Kona Opelu Mgmt Special Rules,0.0,0.0,0.0,0.0,0.0,0
hawaii,Coral size,55.0,hawaii_South Kona Opelu Mgmt Special Rules,0.0,0.0,0.0,0.0,0.0,0
hawaii,Coral size,65.0,hawaii_South Kona Opelu Mgmt Special Rules,0.0,0.0,0.02,0.05,2.0,0
hawaii,Development,0.0,hawaii_South Kona Opelu Mgmt Special Rules,0.0,0.01,0.02,0.05,2.0,0
hawaii,Development,0.1,hawaii_South Kona Opelu Mgmt Special Rules,0.0,0.01,0.02,0.05,2.0,0
hawaii,Development,0.2,hawaii_South Kona Opelu Mgmt Special Rules,0.0,0.01,0.02,0.05,2.0,0
hawaii,Development,0.3,hawaii_South Kona Opelu Mgmt Special Rules,0.0,0.01,0.02,0.05,2.0,0
hawaii,Development,0.4,hawaii_South Kona Opelu Mgmt Special Rules,0.0,0.01,0.02,0.05,2.0,0
hawaii,Development,0.5,hawaii_South Kona Opelu Mgmt Special Rules,0.0,0.01,0.02,0.05,2.0,0
hawaii,Development,0.6,hawaii_South Kona Opelu Mgmt Special Rules,0.0,0.01,0.02,0.05,2.0,0
hawaii,Development,0.7,hawaii_South Kona Opelu Mgmt Special Rules,0.0,0.01,0.02,0.05,2.0,0
hawaii,Development,0.8,hawaii_South Kona Opelu Mgmt Special Rules,0.0,0.01,0.02,0.05,2.0,0
hawaii,Development,0.9,hawaii_South Kona Opelu Mgmt Special Rules,0.0,0.01,0.02,0.05,2.0,0
hawaii,Development,1.0,hawaii_South Kona Opelu Mgmt Special Rules,0.0,0.01,0.02,0.05,2.0,0
hawaii,Fish,0.1,hawaii_South Kona Opelu Mgmt Special Rules,0.0,0.02,0.05,0.2519999999999999,5.0,0
hawaii,Fish,0.2,hawaii_South Kona Opelu Mgmt Special Rules,0.0,0.02,0.05,0.2519999999999999,5.0,0
hawaii,Fish,0.3,hawaii_South Kona Opelu Mgmt Special Rules,0.0,0.01,0.02,0.05,2.0,0
hawaii,Fish,0.4,hawaii_South Kona Opelu Mgmt Special Rules,0.0,0.01,0.02,0.05,2.0,0
hawaii,Fish,0.5,hawaii_South Kona Opelu Mgmt Special Rules,0.0,0.01,0.02,0.05,2.0,0
hawaii,Fish,0.6,hawaii_South Kona Opelu Mgmt Special Rules,0.0,0.01,0.02,0.05,2.0,0
hawaii,Fish,0.7,hawaii_South Kona Opelu Mgmt Special Rules,0.0,0.01,0.02,0.05,2.0,0
hawaii,Turbidity,0.0,hawaii_South Kona Opelu Mgmt Special Rules,0.0,0.01,0.02,0.05,2.0,0
hawaii,Turbidity,0.1,hawaii_South Kona Opelu Mgmt Special Rules,0.0,0.01,0.02,0.05,2.0,0
hawaii,Turbidity,0.2,hawaii_South Kona Opelu Mgmt Special Rules,0.0,0.02,0.2,0.2,20.0,0
hawaii,Turbidity,0.3,hawaii_South Kona Opelu Mgmt Special Rules,0.0,0.02,0.2,0.2,20.0,0
hawaii,Turbidity,0.4,hawaii_South Kona Opelu Mgmt Special Rules,0.0,0.02,0.2,0.2,20.0,0
hawaii,Turbidity,0.5,hawaii_South Kona Opelu Mgmt Special Rules,0.0,0.02,0.2,0.2,20.0,0
hawaii,Coral size,5.0,hawaii_Upolu Pt (BRFA K),0.0,0.0,0.0,0.01,0.0,0
hawaii,Coral size,15.0,hawaii_Upolu Pt (BRFA K),0.0,0.0,0.0,0.00049999999999995,0.0,0
hawaii,Coral size,25.0,hawaii_Upolu Pt (BRFA K),0.0,0.0,0.01,0.03,1.0,0
hawaii,Coral size,35.0,hawaii_Upolu Pt (BRFA K),0.0,0.0,0.01,0.0509999999999999,1.0,0
hawaii,Coral size,45.0,hawaii_Upolu Pt (BRFA K),0.0,0.0,0.01,0.0809999999999999,1.0,0
hawaii,Coral size,55.0,hawaii_Upolu Pt (BRFA K),0.0,0.0,0.01,0.10049999999999995,1.0,0
hawaii,Coral size,65.0,hawaii_Upolu Pt (BRFA K),0.0,0.0,0.02,0.5509999999999999,2.0,0
hawaii,Development,0.0,hawaii_Upolu Pt (BRFA K),0.0,0.0,0.0675,0.8159999999999997,5.0,0
hawaii,Development,0.1,hawaii_Upolu Pt (BRFA K),0.0,0.0,0.33125000000000004,0.5319999999999999,33.0,0
hawaii,Development,0.2,hawaii_Upolu Pt (BRFA K),0.0,0.22,0.31,0.47,30.0,0
hawaii,Development,0.3,hawaii_Upolu Pt (BRFA K),0.0,0.22,0.31,0.47,30.0,0
hawaii,Development,0.4,hawaii_Upolu Pt (BRFA K),0.0,0.21,0.31125,0.47,31.0,0
hawaii,Development,0.5,hawaii_Upolu Pt (BRFA K),0.0,0.21,0.315,0.47,31.0,0
hawaii,Development,0.6,hawaii_Upolu Pt (BRFA K),0.0,0.21,0.30625,0.47,29.5,0
hawaii,Development,0.7,hawaii_Upolu Pt (BRFA K),0.0,0.21,0.30625,0.47,29.5,0
hawaii,Development,0.8,hawaii_Upolu Pt (BRFA K),0.0,0.21,0.30625,0.47,29.5,0
hawaii,Development,0.9,hawaii_Upolu Pt (BRFA K),0.0,0.21,0.30625,0.47,29.5,0
hawaii,Development,1.0,hawaii_Upolu Pt (BRFA K),0.0,0.21,0.30625,0.47,29.5,0
hawaii,Fish,0.1,hawaii_Upolu Pt (BRFA K),0.0,0.18,0.29125,0.47,28.0,0
hawaii,Fish,0.2,hawaii_Upolu Pt (BRFA K),0.0,0.22,0.31125,0.47,31.0,0
hawaii,Fish,0.3,hawaii_Upolu Pt (BRFA K),0.0,0.48,0.83,0.85,83.0,0
hawaii,Fish,0.4,hawaii_Upolu Pt (BRFA K),0.0,0.335,0.83,0.85,83.0,0
hawaii,Fish,0.5,hawaii_Upolu Pt (BRFA K),0.0,0.335,0.83,0.85,83.0,0
hawaii,Fish,0.6,hawaii_Upolu Pt (BRFA K),0.0,0.335,0.83,0.85,83.0,0
hawaii,Fish,0.7,hawaii_Upolu Pt (BRFA K),0.0,0.335,0.83,0.85,83.0,0
hawaii,Turbidity,0.0,hawaii_Upolu Pt (BRFA K),0.0,0.61,0.83,0.85,83.0,0
hawaii,Turbidity,0.1,hawaii_Upolu Pt (BRFA K),0.0,0.33,0.83,0.85,83.0,0
hawaii,Turbidity,0.2,hawaii_Upolu Pt (BRFA K),0.0,0.33,0.83,0.85,83.0,0
hawaii,Turbidity,0.3,hawaii_Upolu Pt (BRFA K),0.0,0.33,0.83,0.84,83.0,0
hawaii,Turbidity,0.4,hawaii_Upolu Pt (BRFA K),0.0,0.33,0.83,0.84,83.0,0
hawaii,Turbidity,0.5,hawaii_Upolu Pt (BRFA K),0.0,0.33,0.83,0.84,83.0,0
hawaii,Coral size,5.0,hawaii_Waiakea PFA,5.0,0.02,0.04,0.06,-1.0,0
hawaii,Coral size,15.0,hawaii_Waiakea PFA,5.0,0.03,0.05,0.07,0.0,0
hawaii,Coral size,25.0,hawaii_Waiakea PFA,5.0,0.07,0.35,0.45,30.0,0
hawaii,Coral size,35.0,hawaii_Waiakea PFA,5.0,0.25,0.3025,0.35,25.0,0
hawaii,Coral size,45.0,hawaii_Waiakea PFA,5.0,0.26,0.31,0.35,26.0,0
hawaii,Coral size,55.0,hawaii_Waiakea PFA,5.0,0.26,0.31,0.35,26.0,0
hawaii,Coral size,65.0,hawaii_Waiakea PFA,5.0,0.26,0.31,0.35,26.0,0
hawaii,Development,0.0,hawaii_Waiakea PFA,5.0,0.89,0.9,0.93,85.0,0
hawaii,Development,0.1,hawaii_Waiakea PFA,5.0,0.65,0.89,0.9,84.0,0
hawaii,Development,0.2,hawaii_Waiakea PFA,5.0,0.32,0.35,0.3509999999999999,30.0,0
hawaii,Development,0.3,hawaii_Waiakea PFA,5.0,0.32,0.35,0.35,30.0,0
hawaii,Development,0.4,hawaii_Waiakea PFA,5.0,0.32,0.35,0.35,30.0,0
hawaii,Development,0.5,hawaii_Waiakea PFA,5.0,0.32,0.35,0.35,30.0,0
hawaii,Development,0.6,hawaii_Waiakea PFA,5.0,0.26,0.31,0.35,26.0,0
hawaii,Development,0.7,hawaii_Waiakea PFA,5.0,0.26,0.31,0.35,26.0,0
hawaii,Development,0.8,hawaii_Waiakea PFA,5.0,0.26,0.31,0.35,26.0,0
hawaii,Development,0.9,hawaii_Waiakea PFA,5.0,0.26,0.31,0.35,26.0,0
hawaii,Development,1.0,hawaii_Waiakea PFA,5.0,0.26,0.31,0.35,26.0,0
hawaii,Fish,0.1,hawaii_Waiakea PFA,5.0,0.25,0.2725,0.35,22.0,0
hawaii,Fish,0.2,hawaii_Waiakea PFA,5.0,0.26,0.31,0.35,26.0,0
hawaii,Fish,0.3,hawaii_Waiakea PFA,5.0,0.35,0.83,0.85,78.0,0
hawaii,Fish,0.4,hawaii_Waiakea PFA,5.0,0.275,0.83,0.85,78.0,0
hawaii,Fish,0.5,hawaii_Waiakea PFA,5.0,0.275,0.83,0.85,78.0,0
hawaii,Fish,0.6,hawaii_Waiakea PFA,5.0,0.275,0.83,0.85,78.0,0
hawaii,Fish,0.7,hawaii_Waiakea PFA,5.0,0.275,0.83,0.85,78.0,0
hawaii,Turbidity,0.0,hawaii_Waiakea PFA,5.0,0.59,0.83,0.85,78.0,0
hawaii,Turbidity,0.1,hawaii_Waiakea PFA,5.0,0.275,0.83,0.85,78.0,0
hawaii,Turbidity,0.2,hawaii_Waiakea PFA,5.0,0.28,0.83,0.85,78.0,0
hawaii,Turbidity,0.3,hawaii_Waiakea PFA,5.0,0.275,0.83,0.85,78.0,0
hawaii,Turbidity,0.4,hawaii_Waiakea PFA,5.0,0.275,0.83,0.85,78.0,0
hawaii,Turbidity,0.5,hawaii_Waiakea PFA,5.0,0.275,0.83,0.85,78.0,0
hawaii,Coral size,5.0,hawaii_Wawaloli FMA,0.0,0.0,0.2,0.2,20.0,0
hawaii,Coral size,15.0,hawaii_Wawaloli FMA,0.0,0.0,0.0,0.0,0.0,0
hawaii,Coral size,25.0,hawaii_Wawaloli FMA,0.0,0.0,0.0,0.005,0.0,0
hawaii,Coral size,35.0,hawaii_Wawaloli FMA,0.0,0.0,0.0,0.0,0.0,0
hawaii,Coral size,45.0,hawaii_Wawaloli FMA,0.0,0.0,0.0,0.0,0.0,0
hawaii,Coral size,55.0,hawaii_Wawaloli FMA,0.0,0.0,0.0,0.0,0.0,0
hawaii,Coral size,65.0,hawaii_Wawaloli FMA,0.0,0.0025,0.02,0.04049999999999995,2.0,0
hawaii,Development,0.0,hawaii_Wawaloli FMA,0.0,0.0,0.02,0.05,2.0,0
hawaii,Development,0.1,hawaii_Wawaloli FMA,0.0,0.01,0.02,0.045,2.0,0
hawaii,Development,0.2,hawaii_Wawaloli FMA,0.0,0.01,0.02,0.045,2.0,0
hawaii,Development,0.3,hawaii_Wawaloli FMA,0.0,0.01,0.02,0.045,2.0,0
hawaii,Development,0.4,hawaii_Wawaloli FMA,0.0,0.01,0.02,0.045,2.0,0
hawaii,Development,0.5,hawaii_Wawaloli FMA,0.0,0.01,0.02,0.045,2.0,0
hawaii,Development,0.6,hawaii_Wawaloli FMA,0.0,0.01,0.02,0.045,2.0,0
hawaii,Development,0.7,hawaii_Wawaloli FMA,0.0,0.01,0.02,0.045,2.0,0
hawaii,Development,0.8,hawaii_Wawaloli FMA,0.0,0.01,0.02,0.045,2.0,0
hawaii,Development,0.9,hawaii_Wawaloli FMA,0.0,0.01,0.02,0.045,2.0,0
hawaii,Development,1.0,hawaii_Wawaloli FMA,0.0,0.01,0.02,0.045,2.0,0
hawaii,Fish,0.1,hawaii_Wawaloli FMA,0.0,0.02,0.05,0.2519999999999999,5.0,0
hawaii,Fish,0.2,hawaii_Wawaloli FMA,0.0,0.02,0.04625,0.2519999999999999,4.5,0
hawaii,Fish,0.3,hawaii_Wawaloli FMA,0.0,0.01,0.02,0.04049999999999995,2.0,0
hawaii,Fish,0.4,hawaii_Wawaloli FMA,0.0,0.01,0.02,0.045,2.0,0
hawaii,Fish,0.5,hawaii_Wawaloli FMA,0.0,0.01,0.02,0.045,2.0,0
hawaii,Fish,0.6,hawaii_Wawaloli FMA,0.0,0.01,0.02,0.045,2.0,0
hawaii,Fish,0.7,hawaii_Wawaloli FMA,0.0,0.01,0.02,0.045,2.0,0
hawaii,Turbidity,0.0,hawaii_Wawaloli FMA,0.0,0.01,0.02,0.045,2.0,0
hawaii,Turbidity,0.1,hawaii_Wawaloli FMA,0.0,0.01,0.02,0.045,2.0,0
hawaii,Turbidity,0.2,hawaii_Wawaloli FMA,0.0,0.02,0.2,0.2,20.0,0
hawaii,Turbidity,0.3,hawaii_Wawaloli FMA,0.0,0.02,0.2,0.2,20.0,0
hawaii,Turbidity,0.4,hawaii_Wawaloli FMA,0.0,0.02,0.2,0.2,20.0,0
hawaii,Turbidity,0.5,hawaii_Wawaloli FMA,0.0,0.02,0.2,0.2,20.0,0
hawaii,Coral size,5.0,hawaii_West Hawaii Regional FMA,0.0,0.0,0.2,0.2,20.0,0
hawaii,Coral size,15.0,hawaii_West Hawaii Regional FMA,0.0,0.0,0.0,0.0,0.0,0
hawaii,Coral size,25.0,hawaii_West Hawaii Regional FMA,0.0,0.0,0.0,0.0109999999999999,0.0,0
hawaii,Coral size,35.0,hawaii_West Hawaii Regional FMA,0.0,0.0,0.0,0.01,0.0,0
hawaii,Coral size,45.0,hawaii_West Hawaii Regional FMA,0.0,0.0,0.0,0.01,0.0,0
hawaii,Coral size,55.0,hawaii_West Hawaii Regional FMA,0.0,0.0,0.0,0.01,0.0,0
hawaii,Coral size,65.0,hawaii_West Hawaii Regional FMA,0.0,0.01,0.02,0.05,2.0,0
hawaii,Development,0.0,hawaii_West Hawaii Regional FMA,0.0,0.01,0.02,0.05,2.0,0
hawaii,Development,0.1,hawaii_West Hawaii Regional FMA,0.0,0.01,0.02,0.05,2.0,0
hawaii,Development,0.2,hawaii_West Hawaii Regional FMA,0.0,0.01,0.02,0.05,2.0,0
hawaii,Development,0.3,hawaii_West Hawaii Regional FMA,0.0,0.015,0.02,0.05,2.0,0
hawaii,Development,0.4,hawaii_West Hawaii Regional FMA,0.0,0.015,0.02,0.05,2.0,0
hawaii,Development,0.5,hawaii_West Hawaii Regional FMA,0.0,0.015,0.02,0.05,2.0,0
hawaii,Development,0.6,hawaii_West Hawaii Regional FMA,0.0,0.015,0.02,0.05,2.0,0
hawaii,Development,0.7,hawaii_West Hawaii Regional FMA,0.0,0.015,0.02,0.05,2.0,0
hawaii,Development,0.8,hawaii_West Hawaii Regional FMA,0.0,0.015,0.02,0.05,2.0,0
hawaii,Development,0.9,hawaii_West Hawaii Regional FMA,0.0,0.015,0.02,0.05,2.0,0
hawaii,Development,1.0,hawaii_West Hawaii Regional FMA,0.0,0.015,0.02,0.05,2.0,0
hawaii,Fish,0.1,hawaii_West Hawaii Regional FMA,0.0,0.02,0.05,0.2519999999999999,5.0,0
hawaii,Fish,0.2,hawaii_West Hawaii Regional FMA,0.0,0.02,0.05,0.2519999999999999,5.0,0
hawaii,Fish,0.3,hawaii_West Hawaii Regional FMA,0.0,0.01,0.02,0.05,2.0,0
hawaii,Fish,0.4,hawaii_West Hawaii Regional FMA,0.0,0.015,0.02,0.05,2.0,0
hawaii,Fish,0.5,hawaii_West Hawaii Regional FMA,0.0,0.015,0.02,0.05,2.0,0
hawaii,Fish,0.6,hawaii_West Hawaii Regional FMA,0.0,0.015,0.02,0.05,2.0,0
hawaii,Fish,0.7,hawaii_West Hawaii Regional FMA,0.0,0.015,0.02,0.05,2.0,0
hawaii,Turbidity,0.0,hawaii_West Hawaii Regional FMA,0.0,0.015,0.02,0.05,2.0,0
hawaii,Turbidity,0.1,hawaii_West Hawaii Regional FMA,0.0,0.015,0.02,0.05,2.0,0
hawaii,Turbidity,0.2,hawaii_West Hawaii Regional FMA,0.0,0.02,0.2,0.2,20.0,0
hawaii,Turbidity,0.3,hawaii_West Hawaii Regional FMA,0.0,0.02,0.2,0.2,20.0,0
hawaii,Turbidity,0.4,hawaii_West Hawaii Regional FMA,0.0,0.02,0.2,0.2,20.0,0
hawaii,Turbidity,0.5,hawaii_West Hawaii Regional FMA,0.0,0.02,0.2,0.2,20.0,0
