ID,Coral_cover,Fish_abund,Three_Week_Kd_Variability,value
gbr_1,9.935563165076903,489.0988071609658,0.0,0.010768126346015794
gbr_2,11.686951165343487,501.3123737408861,0.0,0.020652173913043477
gbr_3,9.134162351918748,551.0260015057069,0.0,0.0162748643761302
gbr_4,7.005205408768857,553.6235547752809,0.0,0.025984911986588432
