ID,Coral_cover,Fish_abund,Three_Week_Kd_Variability,value
gbr_1,9.935563165076903,489.0988071609658,0.1528930571029433,0.02799712849964106
gbr_2,11.686951165343487,501.3123737408861,0.08987536086684783,0.003260869565217391
gbr_3,9.134162351918748,551.0260015057069,0.20240309018951175,0.05063291139240506
gbr_4,7.005205408768857,553.6235547752809,0.162364044668399,0.09388097233864208
