ID,Coral_cover,Fish_abund,Three_Week_Kd_Variability,value
gbr_1,9.935563165076903,489.0988071609658,0.0,0.012921751615218953
gbr_2,11.686951165343487,501.3123737408861,0.0,0.015217391304347827
gbr_3,9.134162351918748,551.0260015057069,0.0,0.18264014466546113
gbr_4,7.005205408768857,553.6235547752809,0.0,0.48113998323554064
