ID,Coral_cover,Fish_abund,Three_Week_Kd_Variability,value
gbr_1,9.935563165076903,489.0988071609658,0.17098057473137115,0.03804737975592247
gbr_2,11.686951165343487,501.3123737408861,0.09792285011554348,0.03260869565217391
gbr_3,9.134162351918748,551.0260015057069,0.20370676846473781,0.0018083182640144665
gbr_4,7.005205408768857,553.6235547752809,0.18600945881139982,0.004191114836546521
