ID,Coral_cover,Fish_abund,Three_Week_Kd_Variability,value
gbr_1,9.935563165076903,489.0988071609658,0.0,0.36755204594400576
gbr_2,11.686951165343487,501.3123737408861,0.0,0.5782608695652174
gbr_3,9.134162351918748,551.0260015057069,0.0,1.2495479204339963
gbr_4,7.005205408768857,553.6235547752809,0.0,3.2925398155909473
