ID,Coral_cover,Fish_abund,Three_Week_Kd_Variability,value
gbr_1,9.935563165076903,489.0988071609658,0.0,2.0251256281407035
gbr_2,11.686951165343487,501.3123737408861,0.0,0.7380434782608696
gbr_3,9.134162351918748,551.0260015057069,0.0,0.9783001808318263
gbr_4,7.005205408768857,553.6235547752809,0.0,1.3310980720871752
