ID,Coral_cover,Fish_abund,Three_Week_Kd_Variability,value
gbr_1,9.935563165076871,489.09880716096524,0.19884548603553454,0.3015075376884422
gbr_2,11.686951165343501,501.3123737408856,0.1284911742069568,0.16847826086956522
gbr_3,9.134162351918723,551.0260015057069,0.1763174816938519,0.081374321880651
gbr_4,7.005205408768799,553.6235547752782,0.1687426891878456,0.5507124895222129
