ID,Coral_cover,Fish_abund,Three_Week_Kd_Variability,value
gbr_1,9.935563165076903,489.0988071609658,0.0,2.1629576453697057
gbr_2,11.686951165343487,501.3123737408861,0.0,6.395652173913043
gbr_3,9.134162351918748,551.0260015057069,0.0,17.918625678119348
gbr_4,7.005205408768857,553.6235547752809,0.0,17.86588432523051
