ID,Coral_cover,Fish_abund,Three_Week_Kd_Variability,value
gbr_1,9.935563165076903,489.0988071609658,0.0,0.01148600143575018
gbr_2,11.686951165343487,501.3123737408861,0.0,0.06304347826086956
gbr_3,9.134162351918748,551.0260015057069,0.0,0.12115732368896925
gbr_4,7.005205408768857,553.6235547752809,0.0,0.6311818943839062
