ID,Coral_cover,Fish_abund,Three_Week_Kd_Variability,value
gbr_1,9.935563165076903,489.0988071609658,0.16352529917918163,0.03804737975592247
gbr_2,11.686951165343487,501.3123737408861,0.09742631881586956,0.01956521739130435
gbr_3,9.134162351918748,551.0260015057069,0.19748260329963832,0.003616636528028933
gbr_4,7.005205408768857,553.6235547752809,0.18305532216219617,0.00586756077116513
