ID,Coral_cover,Fish_abund,Three_Week_Kd_Variability,value
gbr_1,9.935563165076903,489.0988071609658,0.0,1.6963388370423547
gbr_2,11.686951165343487,501.3123737408861,0.0,0.5380434782608695
gbr_3,9.134162351918748,551.0260015057069,0.0,0.8119349005424955
gbr_4,7.005205408768857,553.6235547752809,0.0,0.8876781223805532
